<?xml version="1.0" encoding="UTF-8" ?>
<!-- This is a WordPress eXtended RSS file generated by WordPress as an export of your site. -->
<!-- It contains information about your site's posts, pages, comments, categories, and other content. -->
<!-- You may use this file to transfer that content from one site to another. -->
<!-- This file is not intended to serve as a complete backup of your site. -->

<!-- To import this information into a WordPress site follow these steps: -->
<!-- 1. Log in to that site as an administrator. -->
<!-- 2. Go to Tools: Import in the WordPress admin panel. -->
<!-- 3. Install the "WordPress" importer from the list. -->
<!-- 4. Activate & Run Importer. -->
<!-- 5. Upload this file using the form provided on that page. -->
<!-- 6. You will first be asked to map the authors in this export file to users -->
<!--    on the site. For each author, you may choose to map to an -->
<!--    existing user on the site or to create a new user. -->
<!-- 7. WordPress will then import each of the posts, pages, comments, categories, etc. -->
<!--    contained in this file into your site. -->

<!-- generator="WordPress/4.1.1" created="2015-03-19 01:33" -->
<rss version="2.0"
	xmlns:excerpt="http://wordpress.org/export/1.2/excerpt/"
	xmlns:content="http://purl.org/rss/1.0/modules/content/"
	xmlns:wfw="http://wellformedweb.org/CommentAPI/"
	xmlns:dc="http://purl.org/dc/elements/1.1/"
	xmlns:wp="http://wordpress.org/export/1.2/"
>

<channel>
	<title>RT-Theme 19 - Demo 6</title>
	<link>http://rt19-demo6.rtthemes.com</link>
	<description>Just another Tolga Can Blog Sites site</description>
	<pubDate>Thu, 19 Mar 2015 01:33:23 +0000</pubDate>
	<language>en-US</language>
	<wp:wxr_version>1.2</wp:wxr_version>
	<wp:base_site_url>http://rtthemes.com/</wp:base_site_url>
	<wp:base_blog_url>http://rt19-demo6.rtthemes.com</wp:base_blog_url>

	<generator>http://wordpress.org/?v=4.1.1</generator>

	<item>
		<title>gallery6</title>
		<link>http://rt19-demo6.rtthemes.com/?attachment_id=2719</link>
		<pubDate>Wed, 18 Mar 2015 20:09:24 +0000</pubDate>
		<dc:creator><![CDATA[rtthemes]]></dc:creator>
		<guid isPermaLink="false">http://rt19-demo6.rtthemes.com/wp-content/uploads/sites/12/2015/03/gallery6.jpg</guid>
		<description></description>
		<content:encoded><![CDATA[]]></content:encoded>
		<excerpt:encoded><![CDATA[]]></excerpt:encoded>
		<wp:post_id>2719</wp:post_id>
		<wp:post_date>2015-03-18 20:09:24</wp:post_date>
		<wp:post_date_gmt>2015-03-18 20:09:24</wp:post_date_gmt>
		<wp:comment_status>open</wp:comment_status>
		<wp:ping_status>open</wp:ping_status>
		<wp:post_name>gallery6</wp:post_name>
		<wp:status>inherit</wp:status>
		<wp:post_parent>0</wp:post_parent>
		<wp:menu_order>0</wp:menu_order>
		<wp:post_type>attachment</wp:post_type>
		<wp:post_password></wp:post_password>
		<wp:is_sticky>0</wp:is_sticky>
		<wp:attachment_url>http://rt19-demo6.rtthemes.com/wp-content/uploads/sites/12/2015/03/gallery6.jpg</wp:attachment_url>
		<wp:postmeta>
			<wp:meta_key>_wp_attached_file</wp:meta_key>
			<wp:meta_value><![CDATA[2015/03/gallery6.jpg]]></wp:meta_value>
		</wp:postmeta>
		<wp:postmeta>
			<wp:meta_key>_wp_attachment_metadata</wp:meta_key>
			<wp:meta_value><![CDATA[a:5:{s:5:"width";i:900;s:6:"height";i:600;s:4:"file";s:20:"2015/03/gallery6.jpg";s:5:"sizes";a:2:{s:9:"thumbnail";a:4:{s:4:"file";s:20:"gallery6-150x150.jpg";s:5:"width";i:150;s:6:"height";i:150;s:9:"mime-type";s:10:"image/jpeg";}s:6:"medium";a:4:{s:4:"file";s:20:"gallery6-300x200.jpg";s:5:"width";i:300;s:6:"height";i:200;s:9:"mime-type";s:10:"image/jpeg";}}s:10:"image_meta";a:11:{s:8:"aperture";d:3.20000000000000017763568394002504646778106689453125;s:6:"credit";s:17:"Jakub Kapušňák";s:6:"camera";s:11:"NIKON D5200";s:7:"caption";s:0:"";s:17:"created_timestamp";i:1402420277;s:9:"copyright";s:0:"";s:12:"focal_length";s:2:"35";s:3:"iso";s:3:"400";s:13:"shutter_speed";s:9:"0.0015625";s:5:"title";s:0:"";s:11:"orientation";i:1;}}]]></wp:meta_value>
		</wp:postmeta>
	</item>
	<item>
		<title>gallery7</title>
		<link>http://rt19-demo6.rtthemes.com/?attachment_id=2720</link>
		<pubDate>Wed, 18 Mar 2015 20:09:25 +0000</pubDate>
		<dc:creator><![CDATA[rtthemes]]></dc:creator>
		<guid isPermaLink="false">http://rt19-demo6.rtthemes.com/wp-content/uploads/sites/12/2015/03/gallery7.jpg</guid>
		<description></description>
		<content:encoded><![CDATA[]]></content:encoded>
		<excerpt:encoded><![CDATA[]]></excerpt:encoded>
		<wp:post_id>2720</wp:post_id>
		<wp:post_date>2015-03-18 20:09:25</wp:post_date>
		<wp:post_date_gmt>2015-03-18 20:09:25</wp:post_date_gmt>
		<wp:comment_status>open</wp:comment_status>
		<wp:ping_status>open</wp:ping_status>
		<wp:post_name>gallery7</wp:post_name>
		<wp:status>inherit</wp:status>
		<wp:post_parent>0</wp:post_parent>
		<wp:menu_order>0</wp:menu_order>
		<wp:post_type>attachment</wp:post_type>
		<wp:post_password></wp:post_password>
		<wp:is_sticky>0</wp:is_sticky>
		<wp:attachment_url>http://rt19-demo6.rtthemes.com/wp-content/uploads/sites/12/2015/03/gallery7.jpg</wp:attachment_url>
		<wp:postmeta>
			<wp:meta_key>_wp_attached_file</wp:meta_key>
			<wp:meta_value><![CDATA[2015/03/gallery7.jpg]]></wp:meta_value>
		</wp:postmeta>
		<wp:postmeta>
			<wp:meta_key>_wp_attachment_metadata</wp:meta_key>
			<wp:meta_value><![CDATA[a:5:{s:5:"width";i:900;s:6:"height";i:600;s:4:"file";s:20:"2015/03/gallery7.jpg";s:5:"sizes";a:2:{s:9:"thumbnail";a:4:{s:4:"file";s:20:"gallery7-150x150.jpg";s:5:"width";i:150;s:6:"height";i:150;s:9:"mime-type";s:10:"image/jpeg";}s:6:"medium";a:4:{s:4:"file";s:20:"gallery7-300x200.jpg";s:5:"width";i:300;s:6:"height";i:200;s:9:"mime-type";s:10:"image/jpeg";}}s:10:"image_meta";a:11:{s:8:"aperture";d:2.20000000000000017763568394002504646778106689453125;s:6:"credit";s:16:"ViktorHanacek.cz";s:6:"camera";s:21:"Canon EOS 5D Mark III";s:7:"caption";s:0:"";s:17:"created_timestamp";i:1419079050;s:9:"copyright";s:0:"";s:12:"focal_length";s:2:"50";s:3:"iso";s:3:"640";s:13:"shutter_speed";s:4:"0.01";s:5:"title";s:0:"";s:11:"orientation";i:1;}}]]></wp:meta_value>
		</wp:postmeta>
	</item>
	<item>
		<title>signature</title>
		<link>http://rt19-demo6.rtthemes.com/home-page/signature/</link>
		<pubDate>Wed, 18 Mar 2015 20:15:12 +0000</pubDate>
		<dc:creator><![CDATA[rtthemes]]></dc:creator>
		<guid isPermaLink="false">http://rt19-demo6.rtthemes.com/wp-content/uploads/sites/12/2015/02/signature.png</guid>
		<description></description>
		<content:encoded><![CDATA[]]></content:encoded>
		<excerpt:encoded><![CDATA[]]></excerpt:encoded>
		<wp:post_id>2723</wp:post_id>
		<wp:post_date>2015-03-18 20:15:12</wp:post_date>
		<wp:post_date_gmt>2015-03-18 20:15:12</wp:post_date_gmt>
		<wp:comment_status>open</wp:comment_status>
		<wp:ping_status>open</wp:ping_status>
		<wp:post_name>signature</wp:post_name>
		<wp:status>inherit</wp:status>
		<wp:post_parent>2591</wp:post_parent>
		<wp:menu_order>0</wp:menu_order>
		<wp:post_type>attachment</wp:post_type>
		<wp:post_password></wp:post_password>
		<wp:is_sticky>0</wp:is_sticky>
		<wp:attachment_url>http://rt19-demo6.rtthemes.com/wp-content/uploads/sites/12/2015/02/signature.png</wp:attachment_url>
		<wp:postmeta>
			<wp:meta_key>_wp_attached_file</wp:meta_key>
			<wp:meta_value><![CDATA[2015/02/signature.png]]></wp:meta_value>
		</wp:postmeta>
		<wp:postmeta>
			<wp:meta_key>_wp_attachment_metadata</wp:meta_key>
			<wp:meta_value><![CDATA[a:5:{s:5:"width";i:78;s:6:"height";i:46;s:4:"file";s:21:"2015/02/signature.png";s:5:"sizes";a:0:{}s:10:"image_meta";a:11:{s:8:"aperture";i:0;s:6:"credit";s:0:"";s:6:"camera";s:0:"";s:7:"caption";s:0:"";s:17:"created_timestamp";i:0;s:9:"copyright";s:0:"";s:12:"focal_length";i:0;s:3:"iso";i:0;s:13:"shutter_speed";i:0;s:5:"title";s:0:"";s:11:"orientation";i:0;}}]]></wp:meta_value>
		</wp:postmeta>
	</item>
	<item>
		<title>WELCOME</title>
		<link>http://rt19-demo6.rtthemes.com/2015/03/18/welcome/</link>
		<pubDate>Wed, 18 Mar 2015 20:20:35 +0000</pubDate>
		<dc:creator><![CDATA[rtthemes]]></dc:creator>
		<guid isPermaLink="false">http://rt19-demo6.rtthemes.com/?p=2724</guid>
		<description></description>
		<content:encoded><![CDATA[]]></content:encoded>
		<excerpt:encoded><![CDATA[]]></excerpt:encoded>
		<wp:post_id>2724</wp:post_id>
		<wp:post_date>2015-03-18 20:20:35</wp:post_date>
		<wp:post_date_gmt>2015-03-18 20:20:35</wp:post_date_gmt>
		<wp:comment_status>open</wp:comment_status>
		<wp:ping_status>open</wp:ping_status>
		<wp:post_name>welcome</wp:post_name>
		<wp:status>publish</wp:status>
		<wp:post_parent>0</wp:post_parent>
		<wp:menu_order>1</wp:menu_order>
		<wp:post_type>nav_menu_item</wp:post_type>
		<wp:post_password></wp:post_password>
		<wp:is_sticky>0</wp:is_sticky>
		<category domain="nav_menu" nicename="main-navigation"><![CDATA[Main Navigation]]></category>
		<wp:postmeta>
			<wp:meta_key>_menu_item_type</wp:meta_key>
			<wp:meta_value><![CDATA[custom]]></wp:meta_value>
		</wp:postmeta>
		<wp:postmeta>
			<wp:meta_key>_menu_item_menu_item_parent</wp:meta_key>
			<wp:meta_value><![CDATA[0]]></wp:meta_value>
		</wp:postmeta>
		<wp:postmeta>
			<wp:meta_key>_menu_item_object_id</wp:meta_key>
			<wp:meta_value><![CDATA[2724]]></wp:meta_value>
		</wp:postmeta>
		<wp:postmeta>
			<wp:meta_key>_menu_item_object</wp:meta_key>
			<wp:meta_value><![CDATA[custom]]></wp:meta_value>
		</wp:postmeta>
		<wp:postmeta>
			<wp:meta_key>_menu_item_target</wp:meta_key>
			<wp:meta_value><![CDATA[]]></wp:meta_value>
		</wp:postmeta>
		<wp:postmeta>
			<wp:meta_key>_menu_item_classes</wp:meta_key>
			<wp:meta_value><![CDATA[a:1:{i:0;s:0:"";}]]></wp:meta_value>
		</wp:postmeta>
		<wp:postmeta>
			<wp:meta_key>_menu_item_xfn</wp:meta_key>
			<wp:meta_value><![CDATA[]]></wp:meta_value>
		</wp:postmeta>
		<wp:postmeta>
			<wp:meta_key>_menu_item_url</wp:meta_key>
			<wp:meta_value><![CDATA[#welcome]]></wp:meta_value>
		</wp:postmeta>
		<wp:postmeta>
			<wp:meta_key>_vc_post_settings</wp:meta_key>
			<wp:meta_value><![CDATA[a:1:{s:7:"vc_grid";a:0:{}}]]></wp:meta_value>
		</wp:postmeta>
	</item>
	<item>
		<title>ABOUT US</title>
		<link>http://rt19-demo6.rtthemes.com/2015/03/18/about-us/</link>
		<pubDate>Wed, 18 Mar 2015 20:22:01 +0000</pubDate>
		<dc:creator><![CDATA[rtthemes]]></dc:creator>
		<guid isPermaLink="false">http://rt19-demo6.rtthemes.com/?p=2725</guid>
		<description></description>
		<content:encoded><![CDATA[]]></content:encoded>
		<excerpt:encoded><![CDATA[]]></excerpt:encoded>
		<wp:post_id>2725</wp:post_id>
		<wp:post_date>2015-03-18 20:22:01</wp:post_date>
		<wp:post_date_gmt>2015-03-18 20:22:01</wp:post_date_gmt>
		<wp:comment_status>open</wp:comment_status>
		<wp:ping_status>open</wp:ping_status>
		<wp:post_name>about-us</wp:post_name>
		<wp:status>publish</wp:status>
		<wp:post_parent>0</wp:post_parent>
		<wp:menu_order>2</wp:menu_order>
		<wp:post_type>nav_menu_item</wp:post_type>
		<wp:post_password></wp:post_password>
		<wp:is_sticky>0</wp:is_sticky>
		<category domain="nav_menu" nicename="main-navigation"><![CDATA[Main Navigation]]></category>
		<wp:postmeta>
			<wp:meta_key>_menu_item_type</wp:meta_key>
			<wp:meta_value><![CDATA[custom]]></wp:meta_value>
		</wp:postmeta>
		<wp:postmeta>
			<wp:meta_key>_menu_item_menu_item_parent</wp:meta_key>
			<wp:meta_value><![CDATA[0]]></wp:meta_value>
		</wp:postmeta>
		<wp:postmeta>
			<wp:meta_key>_menu_item_object_id</wp:meta_key>
			<wp:meta_value><![CDATA[2725]]></wp:meta_value>
		</wp:postmeta>
		<wp:postmeta>
			<wp:meta_key>_menu_item_object</wp:meta_key>
			<wp:meta_value><![CDATA[custom]]></wp:meta_value>
		</wp:postmeta>
		<wp:postmeta>
			<wp:meta_key>_menu_item_target</wp:meta_key>
			<wp:meta_value><![CDATA[]]></wp:meta_value>
		</wp:postmeta>
		<wp:postmeta>
			<wp:meta_key>_menu_item_classes</wp:meta_key>
			<wp:meta_value><![CDATA[a:1:{i:0;s:0:"";}]]></wp:meta_value>
		</wp:postmeta>
		<wp:postmeta>
			<wp:meta_key>_menu_item_xfn</wp:meta_key>
			<wp:meta_value><![CDATA[]]></wp:meta_value>
		</wp:postmeta>
		<wp:postmeta>
			<wp:meta_key>_menu_item_url</wp:meta_key>
			<wp:meta_value><![CDATA[#about-us]]></wp:meta_value>
		</wp:postmeta>
		<wp:postmeta>
			<wp:meta_key>_vc_post_settings</wp:meta_key>
			<wp:meta_value><![CDATA[a:1:{s:7:"vc_grid";a:0:{}}]]></wp:meta_value>
		</wp:postmeta>
	</item>
	<item>
		<title>PHOTO GALLERY</title>
		<link>http://rt19-demo6.rtthemes.com/2015/03/18/photo-gallery/</link>
		<pubDate>Wed, 18 Mar 2015 20:31:13 +0000</pubDate>
		<dc:creator><![CDATA[rtthemes]]></dc:creator>
		<guid isPermaLink="false">http://rt19-demo6.rtthemes.com/?p=2726</guid>
		<description></description>
		<content:encoded><![CDATA[]]></content:encoded>
		<excerpt:encoded><![CDATA[]]></excerpt:encoded>
		<wp:post_id>2726</wp:post_id>
		<wp:post_date>2015-03-18 20:31:13</wp:post_date>
		<wp:post_date_gmt>2015-03-18 20:31:13</wp:post_date_gmt>
		<wp:comment_status>open</wp:comment_status>
		<wp:ping_status>open</wp:ping_status>
		<wp:post_name>photo-gallery</wp:post_name>
		<wp:status>publish</wp:status>
		<wp:post_parent>0</wp:post_parent>
		<wp:menu_order>3</wp:menu_order>
		<wp:post_type>nav_menu_item</wp:post_type>
		<wp:post_password></wp:post_password>
		<wp:is_sticky>0</wp:is_sticky>
		<category domain="nav_menu" nicename="main-navigation"><![CDATA[Main Navigation]]></category>
		<wp:postmeta>
			<wp:meta_key>_menu_item_type</wp:meta_key>
			<wp:meta_value><![CDATA[custom]]></wp:meta_value>
		</wp:postmeta>
		<wp:postmeta>
			<wp:meta_key>_menu_item_menu_item_parent</wp:meta_key>
			<wp:meta_value><![CDATA[0]]></wp:meta_value>
		</wp:postmeta>
		<wp:postmeta>
			<wp:meta_key>_menu_item_object_id</wp:meta_key>
			<wp:meta_value><![CDATA[2726]]></wp:meta_value>
		</wp:postmeta>
		<wp:postmeta>
			<wp:meta_key>_menu_item_object</wp:meta_key>
			<wp:meta_value><![CDATA[custom]]></wp:meta_value>
		</wp:postmeta>
		<wp:postmeta>
			<wp:meta_key>_menu_item_target</wp:meta_key>
			<wp:meta_value><![CDATA[]]></wp:meta_value>
		</wp:postmeta>
		<wp:postmeta>
			<wp:meta_key>_menu_item_classes</wp:meta_key>
			<wp:meta_value><![CDATA[a:1:{i:0;s:0:"";}]]></wp:meta_value>
		</wp:postmeta>
		<wp:postmeta>
			<wp:meta_key>_menu_item_xfn</wp:meta_key>
			<wp:meta_value><![CDATA[]]></wp:meta_value>
		</wp:postmeta>
		<wp:postmeta>
			<wp:meta_key>_menu_item_url</wp:meta_key>
			<wp:meta_value><![CDATA[#photo-gallery]]></wp:meta_value>
		</wp:postmeta>
		<wp:postmeta>
			<wp:meta_key>_vc_post_settings</wp:meta_key>
			<wp:meta_value><![CDATA[a:1:{s:7:"vc_grid";a:0:{}}]]></wp:meta_value>
		</wp:postmeta>
	</item>
	<item>
		<title>TESTIMONIALS</title>
		<link>http://rt19-demo6.rtthemes.com/2015/03/18/testimonials/</link>
		<pubDate>Wed, 18 Mar 2015 20:31:13 +0000</pubDate>
		<dc:creator><![CDATA[rtthemes]]></dc:creator>
		<guid isPermaLink="false">http://rt19-demo6.rtthemes.com/?p=2727</guid>
		<description></description>
		<content:encoded><![CDATA[]]></content:encoded>
		<excerpt:encoded><![CDATA[]]></excerpt:encoded>
		<wp:post_id>2727</wp:post_id>
		<wp:post_date>2015-03-18 20:31:13</wp:post_date>
		<wp:post_date_gmt>2015-03-18 20:31:13</wp:post_date_gmt>
		<wp:comment_status>open</wp:comment_status>
		<wp:ping_status>open</wp:ping_status>
		<wp:post_name>testimonials</wp:post_name>
		<wp:status>publish</wp:status>
		<wp:post_parent>0</wp:post_parent>
		<wp:menu_order>4</wp:menu_order>
		<wp:post_type>nav_menu_item</wp:post_type>
		<wp:post_password></wp:post_password>
		<wp:is_sticky>0</wp:is_sticky>
		<category domain="nav_menu" nicename="main-navigation"><![CDATA[Main Navigation]]></category>
		<wp:postmeta>
			<wp:meta_key>_menu_item_type</wp:meta_key>
			<wp:meta_value><![CDATA[custom]]></wp:meta_value>
		</wp:postmeta>
		<wp:postmeta>
			<wp:meta_key>_menu_item_menu_item_parent</wp:meta_key>
			<wp:meta_value><![CDATA[0]]></wp:meta_value>
		</wp:postmeta>
		<wp:postmeta>
			<wp:meta_key>_menu_item_object_id</wp:meta_key>
			<wp:meta_value><![CDATA[2727]]></wp:meta_value>
		</wp:postmeta>
		<wp:postmeta>
			<wp:meta_key>_menu_item_object</wp:meta_key>
			<wp:meta_value><![CDATA[custom]]></wp:meta_value>
		</wp:postmeta>
		<wp:postmeta>
			<wp:meta_key>_menu_item_target</wp:meta_key>
			<wp:meta_value><![CDATA[]]></wp:meta_value>
		</wp:postmeta>
		<wp:postmeta>
			<wp:meta_key>_menu_item_classes</wp:meta_key>
			<wp:meta_value><![CDATA[a:1:{i:0;s:0:"";}]]></wp:meta_value>
		</wp:postmeta>
		<wp:postmeta>
			<wp:meta_key>_menu_item_xfn</wp:meta_key>
			<wp:meta_value><![CDATA[]]></wp:meta_value>
		</wp:postmeta>
		<wp:postmeta>
			<wp:meta_key>_menu_item_url</wp:meta_key>
			<wp:meta_value><![CDATA[#testimonials]]></wp:meta_value>
		</wp:postmeta>
		<wp:postmeta>
			<wp:meta_key>_vc_post_settings</wp:meta_key>
			<wp:meta_value><![CDATA[a:1:{s:7:"vc_grid";a:0:{}}]]></wp:meta_value>
		</wp:postmeta>
	</item>
	<item>
		<title>LATEST NEWS</title>
		<link>http://rt19-demo6.rtthemes.com/2015/03/18/latest-news/</link>
		<pubDate>Wed, 18 Mar 2015 20:31:13 +0000</pubDate>
		<dc:creator><![CDATA[rtthemes]]></dc:creator>
		<guid isPermaLink="false">http://rt19-demo6.rtthemes.com/?p=2728</guid>
		<description></description>
		<content:encoded><![CDATA[]]></content:encoded>
		<excerpt:encoded><![CDATA[]]></excerpt:encoded>
		<wp:post_id>2728</wp:post_id>
		<wp:post_date>2015-03-18 20:31:13</wp:post_date>
		<wp:post_date_gmt>2015-03-18 20:31:13</wp:post_date_gmt>
		<wp:comment_status>open</wp:comment_status>
		<wp:ping_status>open</wp:ping_status>
		<wp:post_name>latest-news</wp:post_name>
		<wp:status>publish</wp:status>
		<wp:post_parent>0</wp:post_parent>
		<wp:menu_order>5</wp:menu_order>
		<wp:post_type>nav_menu_item</wp:post_type>
		<wp:post_password></wp:post_password>
		<wp:is_sticky>0</wp:is_sticky>
		<category domain="nav_menu" nicename="main-navigation"><![CDATA[Main Navigation]]></category>
		<wp:postmeta>
			<wp:meta_key>_menu_item_type</wp:meta_key>
			<wp:meta_value><![CDATA[custom]]></wp:meta_value>
		</wp:postmeta>
		<wp:postmeta>
			<wp:meta_key>_menu_item_menu_item_parent</wp:meta_key>
			<wp:meta_value><![CDATA[0]]></wp:meta_value>
		</wp:postmeta>
		<wp:postmeta>
			<wp:meta_key>_menu_item_object_id</wp:meta_key>
			<wp:meta_value><![CDATA[2728]]></wp:meta_value>
		</wp:postmeta>
		<wp:postmeta>
			<wp:meta_key>_menu_item_object</wp:meta_key>
			<wp:meta_value><![CDATA[custom]]></wp:meta_value>
		</wp:postmeta>
		<wp:postmeta>
			<wp:meta_key>_menu_item_target</wp:meta_key>
			<wp:meta_value><![CDATA[]]></wp:meta_value>
		</wp:postmeta>
		<wp:postmeta>
			<wp:meta_key>_menu_item_classes</wp:meta_key>
			<wp:meta_value><![CDATA[a:1:{i:0;s:0:"";}]]></wp:meta_value>
		</wp:postmeta>
		<wp:postmeta>
			<wp:meta_key>_menu_item_xfn</wp:meta_key>
			<wp:meta_value><![CDATA[]]></wp:meta_value>
		</wp:postmeta>
		<wp:postmeta>
			<wp:meta_key>_menu_item_url</wp:meta_key>
			<wp:meta_value><![CDATA[#latest-news]]></wp:meta_value>
		</wp:postmeta>
		<wp:postmeta>
			<wp:meta_key>_vc_post_settings</wp:meta_key>
			<wp:meta_value><![CDATA[a:1:{s:7:"vc_grid";a:0:{}}]]></wp:meta_value>
		</wp:postmeta>
	</item>
	<item>
		<title>CONTACT US</title>
		<link>http://rt19-demo6.rtthemes.com/2015/03/18/contact-us/</link>
		<pubDate>Wed, 18 Mar 2015 20:31:13 +0000</pubDate>
		<dc:creator><![CDATA[rtthemes]]></dc:creator>
		<guid isPermaLink="false">http://rt19-demo6.rtthemes.com/?p=2729</guid>
		<description></description>
		<content:encoded><![CDATA[]]></content:encoded>
		<excerpt:encoded><![CDATA[]]></excerpt:encoded>
		<wp:post_id>2729</wp:post_id>
		<wp:post_date>2015-03-18 20:31:13</wp:post_date>
		<wp:post_date_gmt>2015-03-18 20:31:13</wp:post_date_gmt>
		<wp:comment_status>open</wp:comment_status>
		<wp:ping_status>open</wp:ping_status>
		<wp:post_name>contact-us</wp:post_name>
		<wp:status>publish</wp:status>
		<wp:post_parent>0</wp:post_parent>
		<wp:menu_order>6</wp:menu_order>
		<wp:post_type>nav_menu_item</wp:post_type>
		<wp:post_password></wp:post_password>
		<wp:is_sticky>0</wp:is_sticky>
		<category domain="nav_menu" nicename="main-navigation"><![CDATA[Main Navigation]]></category>
		<wp:postmeta>
			<wp:meta_key>_menu_item_type</wp:meta_key>
			<wp:meta_value><![CDATA[custom]]></wp:meta_value>
		</wp:postmeta>
		<wp:postmeta>
			<wp:meta_key>_menu_item_menu_item_parent</wp:meta_key>
			<wp:meta_value><![CDATA[0]]></wp:meta_value>
		</wp:postmeta>
		<wp:postmeta>
			<wp:meta_key>_menu_item_object_id</wp:meta_key>
			<wp:meta_value><![CDATA[2729]]></wp:meta_value>
		</wp:postmeta>
		<wp:postmeta>
			<wp:meta_key>_menu_item_object</wp:meta_key>
			<wp:meta_value><![CDATA[custom]]></wp:meta_value>
		</wp:postmeta>
		<wp:postmeta>
			<wp:meta_key>_menu_item_target</wp:meta_key>
			<wp:meta_value><![CDATA[]]></wp:meta_value>
		</wp:postmeta>
		<wp:postmeta>
			<wp:meta_key>_menu_item_classes</wp:meta_key>
			<wp:meta_value><![CDATA[a:1:{i:0;s:0:"";}]]></wp:meta_value>
		</wp:postmeta>
		<wp:postmeta>
			<wp:meta_key>_menu_item_xfn</wp:meta_key>
			<wp:meta_value><![CDATA[]]></wp:meta_value>
		</wp:postmeta>
		<wp:postmeta>
			<wp:meta_key>_menu_item_url</wp:meta_key>
			<wp:meta_value><![CDATA[#contact-us]]></wp:meta_value>
		</wp:postmeta>
		<wp:postmeta>
			<wp:meta_key>_vc_post_settings</wp:meta_key>
			<wp:meta_value><![CDATA[a:1:{s:7:"vc_grid";a:0:{}}]]></wp:meta_value>
		</wp:postmeta>
	</item>
	<item>
		<title>logo</title>
		<link>http://rt19-demo6.rtthemes.com/?attachment_id=2730</link>
		<pubDate>Wed, 18 Mar 2015 20:43:19 +0000</pubDate>
		<dc:creator><![CDATA[rtthemes]]></dc:creator>
		<guid isPermaLink="false">http://rt19-demo6.rtthemes.com/wp-content/uploads/sites/12/2015/03/logo.png</guid>
		<description></description>
		<content:encoded><![CDATA[]]></content:encoded>
		<excerpt:encoded><![CDATA[]]></excerpt:encoded>
		<wp:post_id>2730</wp:post_id>
		<wp:post_date>2015-03-18 20:43:19</wp:post_date>
		<wp:post_date_gmt>2015-03-18 20:43:19</wp:post_date_gmt>
		<wp:comment_status>open</wp:comment_status>
		<wp:ping_status>open</wp:ping_status>
		<wp:post_name>logo-3</wp:post_name>
		<wp:status>inherit</wp:status>
		<wp:post_parent>0</wp:post_parent>
		<wp:menu_order>0</wp:menu_order>
		<wp:post_type>attachment</wp:post_type>
		<wp:post_password></wp:post_password>
		<wp:is_sticky>0</wp:is_sticky>
		<wp:attachment_url>http://rt19-demo6.rtthemes.com/wp-content/uploads/sites/12/2015/03/logo.png</wp:attachment_url>
		<wp:postmeta>
			<wp:meta_key>_wp_attached_file</wp:meta_key>
			<wp:meta_value><![CDATA[2015/03/logo.png]]></wp:meta_value>
		</wp:postmeta>
		<wp:postmeta>
			<wp:meta_key>_wp_attachment_metadata</wp:meta_key>
			<wp:meta_value><![CDATA[a:5:{s:5:"width";i:450;s:6:"height";i:361;s:4:"file";s:16:"2015/03/logo.png";s:5:"sizes";a:2:{s:9:"thumbnail";a:4:{s:4:"file";s:16:"logo-150x150.png";s:5:"width";i:150;s:6:"height";i:150;s:9:"mime-type";s:9:"image/png";}s:6:"medium";a:4:{s:4:"file";s:16:"logo-300x241.png";s:5:"width";i:300;s:6:"height";i:241;s:9:"mime-type";s:9:"image/png";}}s:10:"image_meta";a:11:{s:8:"aperture";i:0;s:6:"credit";s:0:"";s:6:"camera";s:0:"";s:7:"caption";s:0:"";s:17:"created_timestamp";i:0;s:9:"copyright";s:0:"";s:12:"focal_length";i:0;s:3:"iso";i:0;s:13:"shutter_speed";i:0;s:5:"title";s:0:"";s:11:"orientation";i:0;}}]]></wp:meta_value>
		</wp:postmeta>
	</item>
</channel>
</rss>