<?xml version="1.0" encoding="UTF-8" ?>
<!-- This is a WordPress eXtended RSS file generated by WordPress as an export of your site. -->
<!-- It contains information about your site's posts, pages, comments, categories, and other content. -->
<!-- You may use this file to transfer that content from one site to another. -->
<!-- This file is not intended to serve as a complete backup of your site. -->

<!-- To import this information into a WordPress site follow these steps: -->
<!-- 1. Log in to that site as an administrator. -->
<!-- 2. Go to Tools: Import in the WordPress admin panel. -->
<!-- 3. Install the "WordPress" importer from the list. -->
<!-- 4. Activate & Run Importer. -->
<!-- 5. Upload this file using the form provided on that page. -->
<!-- 6. You will first be asked to map the authors in this export file to users -->
<!--    on the site. For each author, you may choose to map to an -->
<!--    existing user on the site or to create a new user. -->
<!-- 7. WordPress will then import each of the posts, pages, comments, categories, etc. -->
<!--    contained in this file into your site. -->

<!-- generator="WordPress/4.1.1" created="2015-03-19 01:33" -->
<rss version="2.0"
	xmlns:excerpt="http://wordpress.org/export/1.2/excerpt/"
	xmlns:content="http://purl.org/rss/1.0/modules/content/"
	xmlns:wfw="http://wellformedweb.org/CommentAPI/"
	xmlns:dc="http://purl.org/dc/elements/1.1/"
	xmlns:wp="http://wordpress.org/export/1.2/"
>

<channel>
	<title>RT-Theme 19 - Demo 6</title>
	<link>http://rt19-demo6.rtthemes.com</link>
	<description>Just another Tolga Can Blog Sites site</description>
	<pubDate>Thu, 19 Mar 2015 01:33:23 +0000</pubDate>
	<language>en-US</language>
	<wp:wxr_version>1.2</wp:wxr_version>
	<wp:base_site_url>http://rtthemes.com/</wp:base_site_url>
	<wp:base_blog_url>http://rt19-demo6.rtthemes.com</wp:base_blog_url>

	<generator>http://wordpress.org/?v=4.1.1</generator>
	<item>
		<title>slider-1</title>
		<link>http://rt19-demo6.rtthemes.com/?attachment_id=2711</link>
		<pubDate>Wed, 18 Mar 2015 20:02:40 +0000</pubDate>
		<dc:creator><![CDATA[rtthemes]]></dc:creator>
		<guid isPermaLink="false">http://rt19-demo6.rtthemes.com/wp-content/uploads/sites/12/2015/03/slider-1.jpg</guid>
		<description></description>
		<content:encoded><![CDATA[]]></content:encoded>
		<excerpt:encoded><![CDATA[]]></excerpt:encoded>
		<wp:post_id>2711</wp:post_id>
		<wp:post_date>2015-03-18 20:02:40</wp:post_date>
		<wp:post_date_gmt>2015-03-18 20:02:40</wp:post_date_gmt>
		<wp:comment_status>open</wp:comment_status>
		<wp:ping_status>open</wp:ping_status>
		<wp:post_name>slider-1-2</wp:post_name>
		<wp:status>inherit</wp:status>
		<wp:post_parent>0</wp:post_parent>
		<wp:menu_order>0</wp:menu_order>
		<wp:post_type>attachment</wp:post_type>
		<wp:post_password></wp:post_password>
		<wp:is_sticky>0</wp:is_sticky>
		<wp:attachment_url>http://rt19-demo6.rtthemes.com/wp-content/uploads/sites/12/2015/03/slider-1.jpg</wp:attachment_url>
		<wp:postmeta>
			<wp:meta_key>_wp_attached_file</wp:meta_key>
			<wp:meta_value><![CDATA[2015/03/slider-1.jpg]]></wp:meta_value>
		</wp:postmeta>
		<wp:postmeta>
			<wp:meta_key>_wp_attachment_metadata</wp:meta_key>
			<wp:meta_value><![CDATA[a:5:{s:5:"width";i:1280;s:6:"height";i:1000;s:4:"file";s:20:"2015/03/slider-1.jpg";s:5:"sizes";a:3:{s:9:"thumbnail";a:4:{s:4:"file";s:20:"slider-1-150x150.jpg";s:5:"width";i:150;s:6:"height";i:150;s:9:"mime-type";s:10:"image/jpeg";}s:6:"medium";a:4:{s:4:"file";s:20:"slider-1-300x234.jpg";s:5:"width";i:300;s:6:"height";i:234;s:9:"mime-type";s:10:"image/jpeg";}s:5:"large";a:4:{s:4:"file";s:21:"slider-1-1024x800.jpg";s:5:"width";i:1024;s:6:"height";i:800;s:9:"mime-type";s:10:"image/jpeg";}}s:10:"image_meta";a:11:{s:8:"aperture";i:0;s:6:"credit";s:0:"";s:6:"camera";s:0:"";s:7:"caption";s:0:"";s:17:"created_timestamp";i:0;s:9:"copyright";s:0:"";s:12:"focal_length";i:0;s:3:"iso";i:0;s:13:"shutter_speed";i:0;s:5:"title";s:0:"";s:11:"orientation";i:0;}}]]></wp:meta_value>
		</wp:postmeta>
	</item>
	<item>
		<title>slider-2</title>
		<link>http://rt19-demo6.rtthemes.com/?attachment_id=2712</link>
		<pubDate>Wed, 18 Mar 2015 20:02:42 +0000</pubDate>
		<dc:creator><![CDATA[rtthemes]]></dc:creator>
		<guid isPermaLink="false">http://rt19-demo6.rtthemes.com/wp-content/uploads/sites/12/2015/03/slider-2.jpg</guid>
		<description></description>
		<content:encoded><![CDATA[]]></content:encoded>
		<excerpt:encoded><![CDATA[]]></excerpt:encoded>
		<wp:post_id>2712</wp:post_id>
		<wp:post_date>2015-03-18 20:02:42</wp:post_date>
		<wp:post_date_gmt>2015-03-18 20:02:42</wp:post_date_gmt>
		<wp:comment_status>open</wp:comment_status>
		<wp:ping_status>open</wp:ping_status>
		<wp:post_name>slider-2-3</wp:post_name>
		<wp:status>inherit</wp:status>
		<wp:post_parent>0</wp:post_parent>
		<wp:menu_order>0</wp:menu_order>
		<wp:post_type>attachment</wp:post_type>
		<wp:post_password></wp:post_password>
		<wp:is_sticky>0</wp:is_sticky>
		<wp:attachment_url>http://rt19-demo6.rtthemes.com/wp-content/uploads/sites/12/2015/03/slider-2.jpg</wp:attachment_url>
		<wp:postmeta>
			<wp:meta_key>_wp_attached_file</wp:meta_key>
			<wp:meta_value><![CDATA[2015/03/slider-2.jpg]]></wp:meta_value>
		</wp:postmeta>
		<wp:postmeta>
			<wp:meta_key>_wp_attachment_metadata</wp:meta_key>
			<wp:meta_value><![CDATA[a:5:{s:5:"width";i:1280;s:6:"height";i:1000;s:4:"file";s:20:"2015/03/slider-2.jpg";s:5:"sizes";a:3:{s:9:"thumbnail";a:4:{s:4:"file";s:20:"slider-2-150x150.jpg";s:5:"width";i:150;s:6:"height";i:150;s:9:"mime-type";s:10:"image/jpeg";}s:6:"medium";a:4:{s:4:"file";s:20:"slider-2-300x234.jpg";s:5:"width";i:300;s:6:"height";i:234;s:9:"mime-type";s:10:"image/jpeg";}s:5:"large";a:4:{s:4:"file";s:21:"slider-2-1024x800.jpg";s:5:"width";i:1024;s:6:"height";i:800;s:9:"mime-type";s:10:"image/jpeg";}}s:10:"image_meta";a:11:{s:8:"aperture";i:0;s:6:"credit";s:0:"";s:6:"camera";s:0:"";s:7:"caption";s:0:"";s:17:"created_timestamp";i:0;s:9:"copyright";s:0:"";s:12:"focal_length";i:0;s:3:"iso";i:0;s:13:"shutter_speed";i:0;s:5:"title";s:0:"";s:11:"orientation";i:0;}}]]></wp:meta_value>
		</wp:postmeta>
	</item>
	<item>
		<title>chef</title>
		<link>http://rt19-demo6.rtthemes.com/?attachment_id=2713</link>
		<pubDate>Wed, 18 Mar 2015 20:03:19 +0000</pubDate>
		<dc:creator><![CDATA[rtthemes]]></dc:creator>
		<guid isPermaLink="false">http://rt19-demo6.rtthemes.com/wp-content/uploads/sites/12/2015/03/chef.png</guid>
		<description></description>
		<content:encoded><![CDATA[]]></content:encoded>
		<excerpt:encoded><![CDATA[]]></excerpt:encoded>
		<wp:post_id>2713</wp:post_id>
		<wp:post_date>2015-03-18 20:03:19</wp:post_date>
		<wp:post_date_gmt>2015-03-18 20:03:19</wp:post_date_gmt>
		<wp:comment_status>open</wp:comment_status>
		<wp:ping_status>open</wp:ping_status>
		<wp:post_name>chef</wp:post_name>
		<wp:status>inherit</wp:status>
		<wp:post_parent>0</wp:post_parent>
		<wp:menu_order>0</wp:menu_order>
		<wp:post_type>attachment</wp:post_type>
		<wp:post_password></wp:post_password>
		<wp:is_sticky>0</wp:is_sticky>
		<wp:attachment_url>http://rt19-demo6.rtthemes.com/wp-content/uploads/sites/12/2015/03/chef.png</wp:attachment_url>
		<wp:postmeta>
			<wp:meta_key>_wp_attached_file</wp:meta_key>
			<wp:meta_value><![CDATA[2015/03/chef.png]]></wp:meta_value>
		</wp:postmeta>
		<wp:postmeta>
			<wp:meta_key>_wp_attachment_metadata</wp:meta_key>
			<wp:meta_value><![CDATA[a:5:{s:5:"width";i:460;s:6:"height";i:699;s:4:"file";s:16:"2015/03/chef.png";s:5:"sizes";a:2:{s:9:"thumbnail";a:4:{s:4:"file";s:16:"chef-150x150.png";s:5:"width";i:150;s:6:"height";i:150;s:9:"mime-type";s:9:"image/png";}s:6:"medium";a:4:{s:4:"file";s:16:"chef-197x300.png";s:5:"width";i:197;s:6:"height";i:300;s:9:"mime-type";s:9:"image/png";}}s:10:"image_meta";a:11:{s:8:"aperture";i:0;s:6:"credit";s:0:"";s:6:"camera";s:0:"";s:7:"caption";s:0:"";s:17:"created_timestamp";i:0;s:9:"copyright";s:0:"";s:12:"focal_length";i:0;s:3:"iso";i:0;s:13:"shutter_speed";i:0;s:5:"title";s:0:"";s:11:"orientation";i:0;}}]]></wp:meta_value>
		</wp:postmeta>
	</item>
	<item>
		<title>gallery1</title>
		<link>http://rt19-demo6.rtthemes.com/?attachment_id=2714</link>
		<pubDate>Wed, 18 Mar 2015 20:09:17 +0000</pubDate>
		<dc:creator><![CDATA[rtthemes]]></dc:creator>
		<guid isPermaLink="false">http://rt19-demo6.rtthemes.com/wp-content/uploads/sites/12/2015/03/gallery1.jpg</guid>
		<description></description>
		<content:encoded><![CDATA[]]></content:encoded>
		<excerpt:encoded><![CDATA[]]></excerpt:encoded>
		<wp:post_id>2714</wp:post_id>
		<wp:post_date>2015-03-18 20:09:17</wp:post_date>
		<wp:post_date_gmt>2015-03-18 20:09:17</wp:post_date_gmt>
		<wp:comment_status>open</wp:comment_status>
		<wp:ping_status>open</wp:ping_status>
		<wp:post_name>gallery1</wp:post_name>
		<wp:status>inherit</wp:status>
		<wp:post_parent>0</wp:post_parent>
		<wp:menu_order>0</wp:menu_order>
		<wp:post_type>attachment</wp:post_type>
		<wp:post_password></wp:post_password>
		<wp:is_sticky>0</wp:is_sticky>
		<wp:attachment_url>http://rt19-demo6.rtthemes.com/wp-content/uploads/sites/12/2015/03/gallery1.jpg</wp:attachment_url>
		<wp:postmeta>
			<wp:meta_key>_wp_attached_file</wp:meta_key>
			<wp:meta_value><![CDATA[2015/03/gallery1.jpg]]></wp:meta_value>
		</wp:postmeta>
		<wp:postmeta>
			<wp:meta_key>_wp_attachment_metadata</wp:meta_key>
			<wp:meta_value><![CDATA[a:5:{s:5:"width";i:900;s:6:"height";i:600;s:4:"file";s:20:"2015/03/gallery1.jpg";s:5:"sizes";a:2:{s:9:"thumbnail";a:4:{s:4:"file";s:20:"gallery1-150x150.jpg";s:5:"width";i:150;s:6:"height";i:150;s:9:"mime-type";s:10:"image/jpeg";}s:6:"medium";a:4:{s:4:"file";s:20:"gallery1-300x200.jpg";s:5:"width";i:300;s:6:"height";i:200;s:9:"mime-type";s:10:"image/jpeg";}}s:10:"image_meta";a:11:{s:8:"aperture";d:2.79999999999999982236431605997495353221893310546875;s:6:"credit";s:12:"ABIGAIL PAGE";s:6:"camera";s:12:"Canon EOS 6D";s:7:"caption";s:0:"";s:17:"created_timestamp";i:1403170558;s:9:"copyright";s:0:"";s:12:"focal_length";s:2:"40";s:3:"iso";s:3:"160";s:13:"shutter_speed";s:8:"0.003125";s:5:"title";s:0:"";s:11:"orientation";i:1;}}]]></wp:meta_value>
		</wp:postmeta>
	</item>
	<item>
		<title>Contact Us</title>
		<link>http://rt19-demo6.rtthemes.com/contact-us/</link>
		<pubDate>Mon, 02 Feb 2015 04:30:47 +0000</pubDate>
		<dc:creator><![CDATA[rtthemes]]></dc:creator>
		<guid isPermaLink="false">http://rttheme19.rtthemes.com/?page_id=8</guid>
		<description></description>
		<content:encoded><![CDATA[[vc_row rt_row_background_width="default" rt_row_content_width="fullwidth" rt_row_style="default-style" rt_bg_effect="classic" rt_bg_parallax_effect="1" rt_bg_image_repeat="repeat" rt_bg_size="cover" rt_bg_position="right top" rt_bg_attachment="scroll" rt_padding_left="0" rt_padding_right="0" rt_overlap="" rt_padding_top="0" rt_padding_bottom="0" rt_row_no_padding="false" rt_row_paddings="false" rt_row_borders="" rt_grid=""][vc_column width="1/1"][google_maps height="500" zoom="10"][location title="Eifel Tower" lat="48.8582285" lon="2.2943877000000157"]Location description for Eifel Tower[/location][location title="Big Ben" lat="51.5007046" lon="-0.12457480000000487"]Location description for Big Ben[/location][location title="Leaning Tower of Pisa" lat="43.722952" lon="10.396596999999929"]Location description for Pisa Tower[/location][/google_maps][/vc_column][/vc_row][vc_row rt_row_background_width="default" rt_row_content_width="default" rt_row_style="default-style" rt_overlap="true" rt_bg_effect="classic" rt_bg_parallax_effect="1" rt_bg_image_repeat="repeat" rt_bg_size="cover" rt_bg_position="right top" rt_bg_attachment="scroll" rt_grid="true"][vc_column width="1/3"][rt_heading style="style-6" size="h5"]Office 1[/rt_heading][rt_icon_list list_style="style-3"][rt_icon_list_line icon_name="icon-address"]63739 street lorem ipsum City, Country[/rt_icon_list_line][rt_icon_list_line icon_name="icon-phone"]+1 123 312 32 23[/rt_icon_list_line][rt_icon_list_line icon_name="icon-mobile"]+1 123 312 32 24[/rt_icon_list_line][rt_icon_list_line icon_name="icon-mail-1"]info@company.com[/rt_icon_list_line][/rt_icon_list][/vc_column][vc_column width="1/3"][rt_heading style="style-6" size="h5"]Office 2[/rt_heading][rt_icon_list list_style="style-3"][rt_icon_list_line icon_name="icon-address"]63739 street lorem ipsum City, Country[/rt_icon_list_line][rt_icon_list_line icon_name="icon-phone"]+1 123 312 32 23[/rt_icon_list_line][rt_icon_list_line icon_name="icon-mobile"]+1 123 312 32 24[/rt_icon_list_line][rt_icon_list_line icon_name="icon-mail-1"]info@company.com[/rt_icon_list_line][/rt_icon_list][/vc_column][vc_column width="1/3"][rt_heading style="style-6" size="h5"]Office 3[/rt_heading][rt_icon_list list_style="style-3"][rt_icon_list_line icon_name="icon-address"]63739 street lorem ipsum City, Country[/rt_icon_list_line][rt_icon_list_line icon_name="icon-phone"]+1 123 312 32 23[/rt_icon_list_line][rt_icon_list_line icon_name="icon-mobile"]+1 123 312 32 24[/rt_icon_list_line][rt_icon_list_line icon_name="icon-mail-1"]info@company.com[/rt_icon_list_line][/rt_icon_list][/vc_column][/vc_row][vc_row rt_row_background_width="default" rt_row_content_width="default" rt_row_style="default-style" rt_row_paddings="true" rt_bg_effect="classic" rt_bg_parallax_effect="1" rt_bg_image_repeat="repeat" rt_bg_size="cover" rt_bg_position="right top" rt_bg_attachment="scroll" rt_row_borders="" rt_overlap="" rt_grid=""][vc_column width="1/1"][rt_heading style="style-6" size="h5"]Contact Form[/rt_heading][contact_form email="email@company.com" security="true"][/vc_column][/vc_row]]]></content:encoded>
		<excerpt:encoded><![CDATA[]]></excerpt:encoded>
		<wp:post_id>8</wp:post_id>
		<wp:post_date>2015-02-02 04:30:47</wp:post_date>
		<wp:post_date_gmt>2015-02-02 04:30:47</wp:post_date_gmt>
		<wp:comment_status>closed</wp:comment_status>
		<wp:ping_status>closed</wp:ping_status>
		<wp:post_name>contact-us</wp:post_name>
		<wp:status>publish</wp:status>
		<wp:post_parent>0</wp:post_parent>
		<wp:menu_order>0</wp:menu_order>
		<wp:post_type>page</wp:post_type>
		<wp:post_password></wp:post_password>
		<wp:is_sticky>0</wp:is_sticky>
		<wp:postmeta>
			<wp:meta_key>_edit_last</wp:meta_key>
			<wp:meta_value><![CDATA[2]]></wp:meta_value>
		</wp:postmeta>
		<wp:postmeta>
			<wp:meta_key>rttheme_header_row_background_width</wp:meta_key>
			<wp:meta_value><![CDATA[global]]></wp:meta_value>
		</wp:postmeta>
		<wp:postmeta>
			<wp:meta_key>rttheme_header_options</wp:meta_key>
			<wp:meta_value><![CDATA[default]]></wp:meta_value>
		</wp:postmeta>
		<wp:postmeta>
			<wp:meta_key>rttheme_header_row_font_color</wp:meta_key>
			<wp:meta_value><![CDATA[]]></wp:meta_value>
		</wp:postmeta>
		<wp:postmeta>
			<wp:meta_key>rttheme_header_row_bg_color</wp:meta_key>
			<wp:meta_value><![CDATA[]]></wp:meta_value>
		</wp:postmeta>
		<wp:postmeta>
			<wp:meta_key>rttheme_header_row_bg_image</wp:meta_key>
			<wp:meta_value><![CDATA[]]></wp:meta_value>
		</wp:postmeta>
		<wp:postmeta>
			<wp:meta_key>rttheme_header_row_bg_effect</wp:meta_key>
			<wp:meta_value><![CDATA[]]></wp:meta_value>
		</wp:postmeta>
		<wp:postmeta>
			<wp:meta_key>rttheme_header_row_bg_position</wp:meta_key>
			<wp:meta_value><![CDATA[right top]]></wp:meta_value>
		</wp:postmeta>
		<wp:postmeta>
			<wp:meta_key>rttheme_header_row_bg_size</wp:meta_key>
			<wp:meta_value><![CDATA[auto auto]]></wp:meta_value>
		</wp:postmeta>
		<wp:postmeta>
			<wp:meta_key>rttheme_breadcrumb_styling</wp:meta_key>
			<wp:meta_value><![CDATA[default]]></wp:meta_value>
		</wp:postmeta>
		<wp:postmeta>
			<wp:meta_key>rttheme_breadcrumb_font_color</wp:meta_key>
			<wp:meta_value><![CDATA[]]></wp:meta_value>
		</wp:postmeta>
		<wp:postmeta>
			<wp:meta_key>rttheme_breadcrumb_link_color</wp:meta_key>
			<wp:meta_value><![CDATA[]]></wp:meta_value>
		</wp:postmeta>
		<wp:postmeta>
			<wp:meta_key>rttheme_breadcrumb_bg_color</wp:meta_key>
			<wp:meta_value><![CDATA[]]></wp:meta_value>
		</wp:postmeta>
		<wp:postmeta>
			<wp:meta_key>rttheme_body_background_options</wp:meta_key>
			<wp:meta_value><![CDATA[default]]></wp:meta_value>
		</wp:postmeta>
		<wp:postmeta>
			<wp:meta_key>rttheme_body_background_image_url</wp:meta_key>
			<wp:meta_value><![CDATA[]]></wp:meta_value>
		</wp:postmeta>
		<wp:postmeta>
			<wp:meta_key>rttheme_body_background_color</wp:meta_key>
			<wp:meta_value><![CDATA[]]></wp:meta_value>
		</wp:postmeta>
		<wp:postmeta>
			<wp:meta_key>rttheme_body_background_position</wp:meta_key>
			<wp:meta_value><![CDATA[right top]]></wp:meta_value>
		</wp:postmeta>
		<wp:postmeta>
			<wp:meta_key>rttheme_body_background_repeat</wp:meta_key>
			<wp:meta_value><![CDATA[repeat]]></wp:meta_value>
		</wp:postmeta>
		<wp:postmeta>
			<wp:meta_key>rttheme_body_background_size</wp:meta_key>
			<wp:meta_value><![CDATA[auto auto]]></wp:meta_value>
		</wp:postmeta>
		<wp:postmeta>
			<wp:meta_key>rttheme_left_background_options</wp:meta_key>
			<wp:meta_value><![CDATA[default]]></wp:meta_value>
		</wp:postmeta>
		<wp:postmeta>
			<wp:meta_key>rttheme_left_background_image_url</wp:meta_key>
			<wp:meta_value><![CDATA[]]></wp:meta_value>
		</wp:postmeta>
		<wp:postmeta>
			<wp:meta_key>rttheme_left_background_parallax_effect</wp:meta_key>
			<wp:meta_value><![CDATA[]]></wp:meta_value>
		</wp:postmeta>
		<wp:postmeta>
			<wp:meta_key>rttheme_left_background_color</wp:meta_key>
			<wp:meta_value><![CDATA[]]></wp:meta_value>
		</wp:postmeta>
		<wp:postmeta>
			<wp:meta_key>rttheme_left_background_position</wp:meta_key>
			<wp:meta_value><![CDATA[right top]]></wp:meta_value>
		</wp:postmeta>
		<wp:postmeta>
			<wp:meta_key>rttheme_left_background_repeat</wp:meta_key>
			<wp:meta_value><![CDATA[repeat]]></wp:meta_value>
		</wp:postmeta>
		<wp:postmeta>
			<wp:meta_key>rttheme_left_background_size</wp:meta_key>
			<wp:meta_value><![CDATA[auto auto]]></wp:meta_value>
		</wp:postmeta>
		<wp:postmeta>
			<wp:meta_key>rttheme_left_top_padding</wp:meta_key>
			<wp:meta_value><![CDATA[]]></wp:meta_value>
		</wp:postmeta>
		<wp:postmeta>
			<wp:meta_key>rttheme_right_background_options</wp:meta_key>
			<wp:meta_value><![CDATA[default]]></wp:meta_value>
		</wp:postmeta>
		<wp:postmeta>
			<wp:meta_key>rttheme_right_background_image_url</wp:meta_key>
			<wp:meta_value><![CDATA[]]></wp:meta_value>
		</wp:postmeta>
		<wp:postmeta>
			<wp:meta_key>rttheme_right_background_color</wp:meta_key>
			<wp:meta_value><![CDATA[]]></wp:meta_value>
		</wp:postmeta>
		<wp:postmeta>
			<wp:meta_key>rttheme_right_background_position</wp:meta_key>
			<wp:meta_value><![CDATA[right top]]></wp:meta_value>
		</wp:postmeta>
		<wp:postmeta>
			<wp:meta_key>rttheme_right_background_repeat</wp:meta_key>
			<wp:meta_value><![CDATA[repeat]]></wp:meta_value>
		</wp:postmeta>
		<wp:postmeta>
			<wp:meta_key>rttheme_right_background_size</wp:meta_key>
			<wp:meta_value><![CDATA[auto auto]]></wp:meta_value>
		</wp:postmeta>
		<wp:postmeta>
			<wp:meta_key>rttheme_right_top_padding</wp:meta_key>
			<wp:meta_value><![CDATA[]]></wp:meta_value>
		</wp:postmeta>
		<wp:postmeta>
			<wp:meta_key>rttheme_footer_background_width</wp:meta_key>
			<wp:meta_value><![CDATA[global]]></wp:meta_value>
		</wp:postmeta>
		<wp:postmeta>
			<wp:meta_key>rttheme_footer_content_width</wp:meta_key>
			<wp:meta_value><![CDATA[global]]></wp:meta_value>
		</wp:postmeta>
		<wp:postmeta>
			<wp:meta_key>rtthemerttheme19_hidden</wp:meta_key>
			<wp:meta_value><![CDATA[1]]></wp:meta_value>
		</wp:postmeta>
		<wp:postmeta>
			<wp:meta_key>_wpb_vc_js_status</wp:meta_key>
			<wp:meta_value><![CDATA[false]]></wp:meta_value>
		</wp:postmeta>
		<wp:postmeta>
			<wp:meta_key>_vc_post_settings</wp:meta_key>
			<wp:meta_value><![CDATA[a:1:{s:7:"vc_grid";a:0:{}}]]></wp:meta_value>
		</wp:postmeta>
		<wp:postmeta>
			<wp:meta_key>slide_template</wp:meta_key>
			<wp:meta_value><![CDATA[default]]></wp:meta_value>
		</wp:postmeta>
		<wp:postmeta>
			<wp:meta_key>rttheme_hide_page_title</wp:meta_key>
			<wp:meta_value><![CDATA[on]]></wp:meta_value>
		</wp:postmeta>
		<wp:postmeta>
			<wp:meta_key>rttheme_hide_breadcrumb_menu</wp:meta_key>
			<wp:meta_value><![CDATA[on]]></wp:meta_value>
		</wp:postmeta>
		<wp:postmeta>
			<wp:meta_key>vc_teaser</wp:meta_key>
			<wp:meta_value><![CDATA[a:2:{s:4:"data";s:115:"[{"name":"title","link":"post"},{"name":"image","image":"featured","link":"none"},{"name":"text","mode":"excerpt"}]";s:7:"bgcolor";s:0:"";}]]></wp:meta_value>
		</wp:postmeta>
	</item>
	<item>
		<title>Self-Hosted Audio</title>
		<link>http://rt19-demo6.rtthemes.com/project-details/self-hosted-audio/</link>
		<pubDate>Mon, 09 Feb 2015 07:30:29 +0000</pubDate>
		<dc:creator><![CDATA[rtthemes]]></dc:creator>
		<guid isPermaLink="false">http://rttheme19.rtthemes.com/project-details/self-hosted-video-2/</guid>
		<description></description>
		<content:encoded><![CDATA[[vc_row rt_row_background_width="default" rt_row_content_width="default" rt_row_style="default-style" rt_row_borders="" rt_overlap="" rt_grid="true" rt_row_paddings="true" rt_bg_effect="classic" rt_bg_parallax_effect="1" rt_bg_image_repeat="repeat" rt_bg_size="cover" rt_bg_position="right top" rt_bg_attachment="scroll"][vc_column width="2/3"][vc_column_text]Nunc ut accumsan massa, at ultrices tellus. Vestibulum sodales in mauris a lacinia. Proin non dolor arcu. Phasellus justo nisi, pellentesque sit amet vestibulum vitae, rhoncus sed felis? Fusce porttitor elit non erat hendrerit consectetur. Nam in accumsan tortor. Praesent sodales, nisi a dapibus consequat, velit risus elementum turpis, at varius eros odio ac lacus! Nulla nec facilisis dui. Sed nec risus eu augue euismod mattis eu at orci. Praesent orci odio, venenatis consectetur nulla nec, faucibus consectetur urna. Aliquam urna massa, ultrices consectetur augue non, facilisis porttitor mi.

Quisque eget urna eleifend, laoreet velit in, sollicitudin purus. Donec efficitur orci ut eleifend vehicula? Etiam non sapien nulla. Pellentesque habitant morbi tristique senectus et netus et malesuada fames ac turpis egestas. Quisque a dui <a title="Link title" href="#">volutpat</a>, congue ex a, efficitur eros! Fusce commodo sagittis bibendum. Cras sit amet libero et diam dapibus fermentum ut eu est. Phasellus at tempus turpis? Aenean quis consectetur mi! Nulla facilisi. Sed lobortis magna pharetra enim interdum, et aliquam quam faucibus. Donec ultrices dui tortor, sit amet blandit ipsum sollicitudin vehicula! Maecenas lorem neque, fermentum at ullamcorper ut; lobortis vitae magna. Nulla blandit ex at odio pretium bibendum.

Aliquam erat volutpat. Aliquam erat volutpat. Nulla sit amet lectus nibh. Fusce sodales magna eu justo mollis sagittis! Mauris non mi at ante volutpat fermentum! Quisque eget eros aliquet, molestie odio eget, blandit leo. Duis fermentum neque velit, sit amet maximus odio eleifend auctor. Fusce nec egestas diam. Quisque eleifend libero vel orci eleifend volutpat. Nulla blandit ultrices nunc, at porttitor arcu euismod ac. Phasellus tincidunt ac ante nec egestas. Aenean nec massa at nisl sagittis fermentum imperdiet quis lacus.[/vc_column_text][/vc_column][vc_column width="1/3"][rt_icon_list list_style="style-1" id=""][rt_icon_list_line icon_name="icon-new-user-1"]Audio Author: <a title="Creativedot" href="http://audiojungle.net/user/Creativedot">Creativedot</a>[/rt_icon_list_line][rt_icon_list_line icon_name="icon-music"]File Name: <a title="" href="http://audiojungle.net/item/lets-do-it-this-way/337050">Lets Do It This Way</a>[/rt_icon_list_line][rt_icon_list_line icon_name="icon-hourglass"]Length: 00:57”[/rt_icon_list_line][/rt_icon_list][vc_separator align="align_center" style="style-5"][button button_text="Purchase" button_size="medium" button_style="color" button_icon="icon-angle-right" button_align="center" button_link="#" link_open="_self"][/vc_column][/vc_row]]]></content:encoded>
		<excerpt:encoded><![CDATA[]]></excerpt:encoded>
		<wp:post_id>2406</wp:post_id>
		<wp:post_date>2015-02-09 07:30:29</wp:post_date>
		<wp:post_date_gmt>2015-02-09 07:30:29</wp:post_date_gmt>
		<wp:comment_status>closed</wp:comment_status>
		<wp:ping_status>closed</wp:ping_status>
		<wp:post_name>self-hosted-audio</wp:post_name>
		<wp:status>trash</wp:status>
		<wp:post_parent>0</wp:post_parent>
		<wp:menu_order>0</wp:menu_order>
		<wp:post_type>portfolio</wp:post_type>
		<wp:post_password></wp:post_password>
		<wp:is_sticky>0</wp:is_sticky>
		<wp:postmeta>
			<wp:meta_key>_edit_last</wp:meta_key>
			<wp:meta_value><![CDATA[2]]></wp:meta_value>
		</wp:postmeta>
		<wp:postmeta>
			<wp:meta_key>_wpb_vc_js_status</wp:meta_key>
			<wp:meta_value><![CDATA[true]]></wp:meta_value>
		</wp:postmeta>
		<wp:postmeta>
			<wp:meta_key>slide_template</wp:meta_key>
			<wp:meta_value><![CDATA[default]]></wp:meta_value>
		</wp:postmeta>
		<wp:postmeta>
			<wp:meta_key>rttheme_portfolio_post_format</wp:meta_key>
			<wp:meta_value><![CDATA[audio]]></wp:meta_value>
		</wp:postmeta>
		<wp:postmeta>
			<wp:meta_key>rttheme_featured_image_usage</wp:meta_key>
			<wp:meta_value><![CDATA[slider]]></wp:meta_value>
		</wp:postmeta>
		<wp:postmeta>
			<wp:meta_key>rttheme_gallery_layout</wp:meta_key>
			<wp:meta_value><![CDATA[1/4]]></wp:meta_value>
		</wp:postmeta>
		<wp:postmeta>
			<wp:meta_key>rtthemeportfolio_max_image_height</wp:meta_key>
			<wp:meta_value><![CDATA[400]]></wp:meta_value>
		</wp:postmeta>
		<wp:postmeta>
			<wp:meta_key>rttheme_portfolio_video_m4v</wp:meta_key>
			<wp:meta_value><![CDATA[]]></wp:meta_value>
		</wp:postmeta>
		<wp:postmeta>
			<wp:meta_key>rttheme_portfolio_video_webm</wp:meta_key>
			<wp:meta_value><![CDATA[]]></wp:meta_value>
		</wp:postmeta>
		<wp:postmeta>
			<wp:meta_key>rttheme_portfolio_video</wp:meta_key>
			<wp:meta_value><![CDATA[]]></wp:meta_value>
		</wp:postmeta>
		<wp:postmeta>
			<wp:meta_key>rttheme_portfolio_audio_mp3</wp:meta_key>
			<wp:meta_value><![CDATA[http://rttheme19.rtthemes.com/wp-content/uploads/sites/5/2015/02/Lets_do_it_this_way_Preview.mp3]]></wp:meta_value>
		</wp:postmeta>
		<wp:postmeta>
			<wp:meta_key>rttheme_portfolio_audio_oga</wp:meta_key>
			<wp:meta_value><![CDATA[http://rttheme19.rtthemes.com/wp-content/uploads/sites/5/2015/02/Lets_do_it_this_way_Preview.ogg]]></wp:meta_value>
		</wp:postmeta>
		<wp:postmeta>
			<wp:meta_key>rttheme_portfolio_desc</wp:meta_key>
			<wp:meta_value><![CDATA[Lorem ipsum dolor sit amet, consectetur adipiscing elit.]]></wp:meta_value>
		</wp:postmeta>
		<wp:postmeta>
			<wp:meta_key>rttheme_external_link</wp:meta_key>
			<wp:meta_value><![CDATA[]]></wp:meta_value>
		</wp:postmeta>
		<wp:postmeta>
			<wp:meta_key>rtthemerttheme19_hidden</wp:meta_key>
			<wp:meta_value><![CDATA[1]]></wp:meta_value>
		</wp:postmeta>
		<wp:postmeta>
			<wp:meta_key>rttheme_featured_image_settings</wp:meta_key>
			<wp:meta_value><![CDATA[default]]></wp:meta_value>
		</wp:postmeta>
		<wp:postmeta>
			<wp:meta_key>rttheme_portfolio_image_resize</wp:meta_key>
			<wp:meta_value><![CDATA[true]]></wp:meta_value>
		</wp:postmeta>
		<wp:postmeta>
			<wp:meta_key>rttheme_portfolio_image_width</wp:meta_key>
			<wp:meta_value><![CDATA[NaN]]></wp:meta_value>
		</wp:postmeta>
		<wp:postmeta>
			<wp:meta_key>rttheme_portfolio_image_height</wp:meta_key>
			<wp:meta_value><![CDATA[NaN]]></wp:meta_value>
		</wp:postmeta>
		<wp:postmeta>
			<wp:meta_key>rttheme_blog_image_width</wp:meta_key>
			<wp:meta_value><![CDATA[]]></wp:meta_value>
		</wp:postmeta>
		<wp:postmeta>
			<wp:meta_key>rttheme_blog_image_height</wp:meta_key>
			<wp:meta_value><![CDATA[]]></wp:meta_value>
		</wp:postmeta>
		<wp:postmeta>
			<wp:meta_key>rttheme_header_row_background_width</wp:meta_key>
			<wp:meta_value><![CDATA[global]]></wp:meta_value>
		</wp:postmeta>
		<wp:postmeta>
			<wp:meta_key>rttheme_header_options</wp:meta_key>
			<wp:meta_value><![CDATA[default]]></wp:meta_value>
		</wp:postmeta>
		<wp:postmeta>
			<wp:meta_key>rttheme_header_row_font_color</wp:meta_key>
			<wp:meta_value><![CDATA[]]></wp:meta_value>
		</wp:postmeta>
		<wp:postmeta>
			<wp:meta_key>rttheme_header_row_bg_color</wp:meta_key>
			<wp:meta_value><![CDATA[]]></wp:meta_value>
		</wp:postmeta>
		<wp:postmeta>
			<wp:meta_key>rttheme_header_row_bg_image</wp:meta_key>
			<wp:meta_value><![CDATA[]]></wp:meta_value>
		</wp:postmeta>
		<wp:postmeta>
			<wp:meta_key>rttheme_header_row_bg_effect</wp:meta_key>
			<wp:meta_value><![CDATA[]]></wp:meta_value>
		</wp:postmeta>
		<wp:postmeta>
			<wp:meta_key>rttheme_header_row_bg_position</wp:meta_key>
			<wp:meta_value><![CDATA[right top]]></wp:meta_value>
		</wp:postmeta>
		<wp:postmeta>
			<wp:meta_key>rttheme_header_row_bg_size</wp:meta_key>
			<wp:meta_value><![CDATA[auto auto]]></wp:meta_value>
		</wp:postmeta>
		<wp:postmeta>
			<wp:meta_key>rttheme_breadcrumb_styling</wp:meta_key>
			<wp:meta_value><![CDATA[default]]></wp:meta_value>
		</wp:postmeta>
		<wp:postmeta>
			<wp:meta_key>rttheme_breadcrumb_font_color</wp:meta_key>
			<wp:meta_value><![CDATA[]]></wp:meta_value>
		</wp:postmeta>
		<wp:postmeta>
			<wp:meta_key>rttheme_breadcrumb_link_color</wp:meta_key>
			<wp:meta_value><![CDATA[]]></wp:meta_value>
		</wp:postmeta>
		<wp:postmeta>
			<wp:meta_key>rttheme_breadcrumb_bg_color</wp:meta_key>
			<wp:meta_value><![CDATA[]]></wp:meta_value>
		</wp:postmeta>
		<wp:postmeta>
			<wp:meta_key>rttheme_body_background_options</wp:meta_key>
			<wp:meta_value><![CDATA[default]]></wp:meta_value>
		</wp:postmeta>
		<wp:postmeta>
			<wp:meta_key>rttheme_body_background_image_url</wp:meta_key>
			<wp:meta_value><![CDATA[]]></wp:meta_value>
		</wp:postmeta>
		<wp:postmeta>
			<wp:meta_key>rttheme_body_background_color</wp:meta_key>
			<wp:meta_value><![CDATA[]]></wp:meta_value>
		</wp:postmeta>
		<wp:postmeta>
			<wp:meta_key>rttheme_body_background_position</wp:meta_key>
			<wp:meta_value><![CDATA[right top]]></wp:meta_value>
		</wp:postmeta>
		<wp:postmeta>
			<wp:meta_key>rttheme_body_background_repeat</wp:meta_key>
			<wp:meta_value><![CDATA[repeat]]></wp:meta_value>
		</wp:postmeta>
		<wp:postmeta>
			<wp:meta_key>rttheme_body_background_size</wp:meta_key>
			<wp:meta_value><![CDATA[auto auto]]></wp:meta_value>
		</wp:postmeta>
		<wp:postmeta>
			<wp:meta_key>rttheme_left_background_options</wp:meta_key>
			<wp:meta_value><![CDATA[default]]></wp:meta_value>
		</wp:postmeta>
		<wp:postmeta>
			<wp:meta_key>rttheme_left_background_image_url</wp:meta_key>
			<wp:meta_value><![CDATA[]]></wp:meta_value>
		</wp:postmeta>
		<wp:postmeta>
			<wp:meta_key>rttheme_left_background_parallax_effect</wp:meta_key>
			<wp:meta_value><![CDATA[]]></wp:meta_value>
		</wp:postmeta>
		<wp:postmeta>
			<wp:meta_key>rttheme_left_background_color</wp:meta_key>
			<wp:meta_value><![CDATA[]]></wp:meta_value>
		</wp:postmeta>
		<wp:postmeta>
			<wp:meta_key>rttheme_left_background_position</wp:meta_key>
			<wp:meta_value><![CDATA[right top]]></wp:meta_value>
		</wp:postmeta>
		<wp:postmeta>
			<wp:meta_key>rttheme_left_background_repeat</wp:meta_key>
			<wp:meta_value><![CDATA[repeat]]></wp:meta_value>
		</wp:postmeta>
		<wp:postmeta>
			<wp:meta_key>rttheme_left_background_size</wp:meta_key>
			<wp:meta_value><![CDATA[auto auto]]></wp:meta_value>
		</wp:postmeta>
		<wp:postmeta>
			<wp:meta_key>rttheme_left_top_padding</wp:meta_key>
			<wp:meta_value><![CDATA[]]></wp:meta_value>
		</wp:postmeta>
		<wp:postmeta>
			<wp:meta_key>rttheme_right_background_options</wp:meta_key>
			<wp:meta_value><![CDATA[default]]></wp:meta_value>
		</wp:postmeta>
		<wp:postmeta>
			<wp:meta_key>rttheme_right_background_image_url</wp:meta_key>
			<wp:meta_value><![CDATA[]]></wp:meta_value>
		</wp:postmeta>
		<wp:postmeta>
			<wp:meta_key>rttheme_right_background_color</wp:meta_key>
			<wp:meta_value><![CDATA[]]></wp:meta_value>
		</wp:postmeta>
		<wp:postmeta>
			<wp:meta_key>rttheme_right_background_position</wp:meta_key>
			<wp:meta_value><![CDATA[right top]]></wp:meta_value>
		</wp:postmeta>
		<wp:postmeta>
			<wp:meta_key>rttheme_right_background_repeat</wp:meta_key>
			<wp:meta_value><![CDATA[repeat]]></wp:meta_value>
		</wp:postmeta>
		<wp:postmeta>
			<wp:meta_key>rttheme_right_background_size</wp:meta_key>
			<wp:meta_value><![CDATA[auto auto]]></wp:meta_value>
		</wp:postmeta>
		<wp:postmeta>
			<wp:meta_key>rttheme_right_top_padding</wp:meta_key>
			<wp:meta_value><![CDATA[]]></wp:meta_value>
		</wp:postmeta>
		<wp:postmeta>
			<wp:meta_key>rttheme_footer_background_width</wp:meta_key>
			<wp:meta_value><![CDATA[global]]></wp:meta_value>
		</wp:postmeta>
		<wp:postmeta>
			<wp:meta_key>rttheme_footer_content_width</wp:meta_key>
			<wp:meta_value><![CDATA[global]]></wp:meta_value>
		</wp:postmeta>
		<wp:postmeta>
			<wp:meta_key>rtthemert_gallery_images</wp:meta_key>
			<wp:meta_value><![CDATA[]]></wp:meta_value>
		</wp:postmeta>
		<wp:postmeta>
			<wp:meta_key>vc_teaser</wp:meta_key>
			<wp:meta_value><![CDATA[a:2:{s:4:"data";s:115:"[{"name":"title","link":"post"},{"name":"image","image":"featured","link":"none"},{"name":"text","mode":"excerpt"}]";s:7:"bgcolor";s:0:"";}]]></wp:meta_value>
		</wp:postmeta>
		<wp:postmeta>
			<wp:meta_key>_vc_post_settings</wp:meta_key>
			<wp:meta_value><![CDATA[a:1:{s:7:"vc_grid";a:0:{}}]]></wp:meta_value>
		</wp:postmeta>
		<wp:postmeta>
			<wp:meta_key>_wp_old_slug</wp:meta_key>
			<wp:meta_value><![CDATA[external-video-sample-2]]></wp:meta_value>
		</wp:postmeta>
		<wp:postmeta>
			<wp:meta_key>_wp_old_slug</wp:meta_key>
			<wp:meta_value><![CDATA[self-hosted-video-2]]></wp:meta_value>
		</wp:postmeta>
		<wp:postmeta>
			<wp:meta_key>rttheme_hide_featured_image_single_page</wp:meta_key>
			<wp:meta_value><![CDATA[on]]></wp:meta_value>
		</wp:postmeta>
		<wp:postmeta>
			<wp:meta_key>_wp_trash_meta_status</wp:meta_key>
			<wp:meta_value><![CDATA[publish]]></wp:meta_value>
		</wp:postmeta>
		<wp:postmeta>
			<wp:meta_key>_wp_trash_meta_time</wp:meta_key>
			<wp:meta_value><![CDATA[1426727014]]></wp:meta_value>
		</wp:postmeta>
	</item>
	<item>
		<title>Home Page</title>
		<link>http://rt19-demo6.rtthemes.com/</link>
		<pubDate>Mon, 02 Feb 2015 04:29:48 +0000</pubDate>
		<dc:creator><![CDATA[rtthemes]]></dc:creator>
		<guid isPermaLink="false">http://rttheme19.rtthemes.com/?page_id=4</guid>
		<description></description>
		<content:encoded><![CDATA[[vc_row rt_row_background_width="default" rt_row_content_width="fullwidth" rt_row_style="default-style" rt_row_paddings="true" rt_bg_effect="classic" rt_bg_parallax_effect="1" rt_bg_image_repeat="repeat" rt_bg_size="cover" rt_bg_position="right top" rt_bg_attachment="scroll" rt_row_borders="" rt_overlap="" rt_grid="" rt_bg_color="#ffffff" rt_padding_bottom="0" id="welcome"][vc_column width="1/1"][rev_slider_vc alias="RT-19-demo-6-sample"][/vc_column][/vc_row][vc_row rt_row_background_width="default" rt_row_content_width="default" rt_row_style="default-style" rt_grid="" rt_row_paddings="true" rt_bg_effect="classic" rt_bg_parallax_effect="1" rt_bg_image_repeat="repeat" rt_bg_size="cover" rt_bg_position="right top" rt_bg_attachment="scroll" rt_row_borders="bottom" rt_overlap="" id="about-us" rt_padding_top="120" rt_padding_bottom="0"][vc_column width="1/2"][vc_single_image image="2713" alignment="center" border_color="grey" img_link_large="" img_link_target="_self" img_size="full"][/vc_column][vc_column width="1/2"][rt_heading style="style-4" size="h2"]ABOUT US[/rt_heading][vc_column_text]Lorem ipsum dolor sit amet, consectetur adipiscing elit. Aliquam feugiat ante ac tincidunt tempor. Aliquam ac diam malesuada, aliquet orci sed, volutpat diam. Praesent tincidunt lorem a elit cursus, nec dignissim nunc gravida. Suspendisse fermentum dolor vel odio <a title="Link title" href="#">pharetra</a>, eu porttitor lorem facilisis. Sed et felis euismod nunc molestie dapibus. Maecenas luctus arcu nec sem scelerisque efficitur. Duis ante dolor, consectetur sed dolor sed, tempor faucibus est. Vestibulum sed augue a arcu ultrices varius at ac odio. Proin quis efficitur urna. Morbi ullamcorper neque est, sed convallis eros ultricies ac. Curabitur vitae nibh nulla. Sed viverra tincidunt urna.

Donec ullamcorper turpis nec nisi facilisis, ut pharetra augue fermentum. Integer ornare id orci et viverra. In cursus tincidunt risus ac vehicula. Aenean justo libero, viverra et dignissim in, pulvinar id urna. Duis erat massa, cursus a sagittis at, egestas eu dolor. Aliquam non erat felis. Nullam porta eros nec fermentum congue. Curabitur varius maximus tellus et blandit. Suspendisse ligula dolor, egestas nec arcu quis, sodales egestas orci. Quisque pretium nunc at nulla ullamcorper vulputate.[/vc_column_text][vc_empty_space height="32px"][vc_single_image image="2723" border_color="grey" img_link_large="" img_link_target="_self" img_size="full" alignment="center"][/vc_column][/vc_row][vc_row rt_row_background_width="default" rt_row_content_width="default" rt_row_style="alt-style-1" rt_grid="true" rt_row_paddings="true" rt_bg_effect="classic" rt_bg_parallax_effect="1" rt_bg_image_repeat="repeat" rt_bg_size="cover" rt_bg_position="center center" rt_bg_attachment="scroll" rt_padding_top="120" rt_padding_bottom="120" rt_row_borders="" rt_overlap="" id="photo-gallery"][vc_column width="1/1"][rt_heading style="style-4" size="h4" punchline="PHOTO GALLERY"]SHOTS FROM OUR RESTAURANTS[/rt_heading][vc_column_text]
<p style="text-align: center;">Phasellus pellentesque urna quis felis laoreet vestibulum. Fusce gravida sit amet massa eu lobortis. Quisque <a href="#">hendrerit</a> nisi a imperdiet congue.</p>
[/vc_column_text][vc_empty_space height="32px"][rt_image_carousel carousel_layout="3" crop="true" lightbox="true" images="2715,2716,2718,2719,2714,2720,2717" img_width="490" img_height="490"][vc_empty_space height="32px"][button button_text="SEE MORE" button_size="big" button_style="default" button_icon="icon-new-photo-1" button_align="center" button_link="#" link_open="_self"][/vc_column][/vc_row][vc_row rt_row_background_width="default" rt_row_content_width="default" rt_row_style="alt-style-2" rt_row_borders="" rt_overlap="" rt_grid="" rt_row_paddings="true" rt_padding_top="180" rt_padding_bottom="260" rt_bg_effect="parallax" rt_bg_parallax_effect="3" rt_bg_image_repeat="repeat" rt_bg_size="cover" rt_bg_position="right top" rt_bg_attachment="scroll" rt_bg_image="2710" id="testimonials"][vc_column width="1/1"][rt_heading style="style-4" size="h4" punchline="WHAT THEY ARE SAYING"]TESTIMONIALS[/rt_heading][vc_empty_space height="32px"][testimonial_carousel list_layout="1/1" style="center big" client_images="true" max_item="3" nav="true" dots="false" list_orderby="date" list_order="DESC"][/vc_column][/vc_row][vc_row rt_row_background_width="default" rt_row_content_width="default" rt_row_style="alt-style-1" rt_row_paddings="true" rt_bg_effect="parallax" rt_bg_parallax_effect="3" rt_bg_image_repeat="no-repeat" rt_bg_size="cover" rt_bg_position="right center" rt_bg_attachment="scroll" rt_grid="" rt_padding_top="100" rt_padding_bottom="100" rt_row_borders="" rt_overlap="" id="latest-news"][vc_column width="1/1" rt_color_set="global-style"][rt_heading style="style-4" size="h4" punchline="LATEST NEWS"]FROM OUR BLOG[/rt_heading][vc_column_text]
<p style="text-align: center;">Phasellus pellentesque urna quis. Fusce gravida sit amet massa eu lobortis. Quisque cnisi a imperdiet congue.  <a title="Blog" href="blog">Read our blog</a></p>
[/vc_column_text][vc_empty_space height="32px"][blog_carousel list_layout="1/2" max_item="4" excerpt_length="100" nav="false" dots="true" list_orderby="date" list_order="DESC" show_date="true" show_author="false" show_categories="false" show_comment_numbers="false" featured_image_resize="true" featured_image_max_width="500" featured_image_max_height="300" featured_image_crop="true"][/vc_column][/vc_row][vc_row rt_row_background_width="default" rt_row_content_width="default" rt_row_style="default-style" rt_overlap="" rt_bg_effect="classic" rt_bg_parallax_effect="1" rt_bg_image_repeat="repeat" rt_bg_size="cover" rt_bg_position="right top" rt_bg_attachment="scroll" rt_grid="" rt_row_borders="" rt_row_paddings="true" rt_padding_top="100" id="contact-us"][vc_column width="1/1"][rt_heading style="style-3" size="h4"]CONTACT US[/rt_heading][google_maps height="400" zoom="10"][location title="Branch 1" lat="40.78559423133005" lon="-73.96998995717775"]Office 1 : 63739 street lorem ipsum City, Country[/location][location title="Branch 2" lat="40.78822617315661" lon="-73.95398253377687"]Branch 2 : 63739 street lorem ipsum City, Country[/location][location title="Branch 3" lat="40.801517110190396" lon="-73.95804451901859"]Branch 3 : 63739 street lorem ipsum City, Country[/location][/google_maps][/vc_column][/vc_row][vc_row rt_row_background_width="default" rt_row_content_width="default" rt_row_style="default-style" rt_overlap="" rt_bg_effect="classic" rt_bg_parallax_effect="1" rt_bg_image_repeat="repeat" rt_bg_size="cover" rt_bg_position="right top" rt_bg_attachment="scroll" rt_grid="true" rt_row_borders="" rt_row_paddings="true" id="contact-us"][vc_column width="1/3"][rt_heading style="style-2" size="h5"]Branch 1[/rt_heading][rt_icon_list list_style="style-3"][rt_icon_list_line icon_name="icon-address"]63739 street lorem ipsum City, Country[/rt_icon_list_line][rt_icon_list_line icon_name="icon-phone"]+1 123 312 32 23[/rt_icon_list_line][rt_icon_list_line icon_name="icon-mobile"]+1 123 312 32 24[/rt_icon_list_line][rt_icon_list_line icon_name="icon-mail-1"]info@company.com[/rt_icon_list_line][/rt_icon_list][/vc_column][vc_column width="1/3"][rt_heading style="style-2" size="h5"]Branch 2[/rt_heading][rt_icon_list list_style="style-3"][rt_icon_list_line icon_name="icon-address"]63739 street lorem ipsum City, Country[/rt_icon_list_line][rt_icon_list_line icon_name="icon-phone"]+1 123 312 32 23[/rt_icon_list_line][rt_icon_list_line icon_name="icon-mobile"]+1 123 312 32 24[/rt_icon_list_line][rt_icon_list_line icon_name="icon-mail-1"]info@company.com[/rt_icon_list_line][/rt_icon_list][/vc_column][vc_column width="1/3"][rt_heading style="style-2" size="h5"]Branch 3[/rt_heading][rt_icon_list list_style="style-3"][rt_icon_list_line icon_name="icon-address"]63739 street lorem ipsum City, Country[/rt_icon_list_line][rt_icon_list_line icon_name="icon-phone"]+1 123 312 32 23[/rt_icon_list_line][rt_icon_list_line icon_name="icon-mobile"]+1 123 312 32 24[/rt_icon_list_line][rt_icon_list_line icon_name="icon-mail-1"]info@company.com[/rt_icon_list_line][/rt_icon_list][/vc_column][/vc_row]]]></content:encoded>
		<excerpt:encoded><![CDATA[]]></excerpt:encoded>
		<wp:post_id>2591</wp:post_id>
		<wp:post_date>2015-02-02 04:29:48</wp:post_date>
		<wp:post_date_gmt>2015-02-02 04:29:48</wp:post_date_gmt>
		<wp:comment_status>open</wp:comment_status>
		<wp:ping_status>open</wp:ping_status>
		<wp:post_name>home-page</wp:post_name>
		<wp:status>publish</wp:status>
		<wp:post_parent>0</wp:post_parent>
		<wp:menu_order>0</wp:menu_order>
		<wp:post_type>page</wp:post_type>
		<wp:post_password></wp:post_password>
		<wp:is_sticky>0</wp:is_sticky>
		<wp:postmeta>
			<wp:meta_key>_edit_last</wp:meta_key>
			<wp:meta_value><![CDATA[2]]></wp:meta_value>
		</wp:postmeta>
		<wp:postmeta>
			<wp:meta_key>rttheme_header_row_background_width</wp:meta_key>
			<wp:meta_value><![CDATA[global]]></wp:meta_value>
		</wp:postmeta>
		<wp:postmeta>
			<wp:meta_key>rttheme_header_options</wp:meta_key>
			<wp:meta_value><![CDATA[default]]></wp:meta_value>
		</wp:postmeta>
		<wp:postmeta>
			<wp:meta_key>rttheme_header_row_font_color</wp:meta_key>
			<wp:meta_value><![CDATA[]]></wp:meta_value>
		</wp:postmeta>
		<wp:postmeta>
			<wp:meta_key>rttheme_header_row_bg_color</wp:meta_key>
			<wp:meta_value><![CDATA[]]></wp:meta_value>
		</wp:postmeta>
		<wp:postmeta>
			<wp:meta_key>rttheme_header_row_bg_image</wp:meta_key>
			<wp:meta_value><![CDATA[]]></wp:meta_value>
		</wp:postmeta>
		<wp:postmeta>
			<wp:meta_key>rttheme_header_row_bg_effect</wp:meta_key>
			<wp:meta_value><![CDATA[]]></wp:meta_value>
		</wp:postmeta>
		<wp:postmeta>
			<wp:meta_key>rttheme_header_row_bg_position</wp:meta_key>
			<wp:meta_value><![CDATA[right top]]></wp:meta_value>
		</wp:postmeta>
		<wp:postmeta>
			<wp:meta_key>rttheme_header_row_bg_size</wp:meta_key>
			<wp:meta_value><![CDATA[auto auto]]></wp:meta_value>
		</wp:postmeta>
		<wp:postmeta>
			<wp:meta_key>rttheme_breadcrumb_styling</wp:meta_key>
			<wp:meta_value><![CDATA[default]]></wp:meta_value>
		</wp:postmeta>
		<wp:postmeta>
			<wp:meta_key>rttheme_breadcrumb_font_color</wp:meta_key>
			<wp:meta_value><![CDATA[]]></wp:meta_value>
		</wp:postmeta>
		<wp:postmeta>
			<wp:meta_key>rttheme_breadcrumb_link_color</wp:meta_key>
			<wp:meta_value><![CDATA[]]></wp:meta_value>
		</wp:postmeta>
		<wp:postmeta>
			<wp:meta_key>rttheme_breadcrumb_bg_color</wp:meta_key>
			<wp:meta_value><![CDATA[]]></wp:meta_value>
		</wp:postmeta>
		<wp:postmeta>
			<wp:meta_key>rttheme_body_background_options</wp:meta_key>
			<wp:meta_value><![CDATA[default]]></wp:meta_value>
		</wp:postmeta>
		<wp:postmeta>
			<wp:meta_key>rttheme_body_background_image_url</wp:meta_key>
			<wp:meta_value><![CDATA[]]></wp:meta_value>
		</wp:postmeta>
		<wp:postmeta>
			<wp:meta_key>rttheme_body_background_color</wp:meta_key>
			<wp:meta_value><![CDATA[]]></wp:meta_value>
		</wp:postmeta>
		<wp:postmeta>
			<wp:meta_key>rttheme_body_background_position</wp:meta_key>
			<wp:meta_value><![CDATA[right top]]></wp:meta_value>
		</wp:postmeta>
		<wp:postmeta>
			<wp:meta_key>rttheme_body_background_repeat</wp:meta_key>
			<wp:meta_value><![CDATA[repeat]]></wp:meta_value>
		</wp:postmeta>
		<wp:postmeta>
			<wp:meta_key>rttheme_body_background_size</wp:meta_key>
			<wp:meta_value><![CDATA[auto auto]]></wp:meta_value>
		</wp:postmeta>
		<wp:postmeta>
			<wp:meta_key>rttheme_left_background_options</wp:meta_key>
			<wp:meta_value><![CDATA[default]]></wp:meta_value>
		</wp:postmeta>
		<wp:postmeta>
			<wp:meta_key>rttheme_left_background_image_url</wp:meta_key>
			<wp:meta_value><![CDATA[]]></wp:meta_value>
		</wp:postmeta>
		<wp:postmeta>
			<wp:meta_key>rttheme_left_background_parallax_effect</wp:meta_key>
			<wp:meta_value><![CDATA[]]></wp:meta_value>
		</wp:postmeta>
		<wp:postmeta>
			<wp:meta_key>rttheme_left_background_color</wp:meta_key>
			<wp:meta_value><![CDATA[]]></wp:meta_value>
		</wp:postmeta>
		<wp:postmeta>
			<wp:meta_key>rttheme_left_background_position</wp:meta_key>
			<wp:meta_value><![CDATA[right top]]></wp:meta_value>
		</wp:postmeta>
		<wp:postmeta>
			<wp:meta_key>rttheme_left_background_repeat</wp:meta_key>
			<wp:meta_value><![CDATA[repeat]]></wp:meta_value>
		</wp:postmeta>
		<wp:postmeta>
			<wp:meta_key>rttheme_left_background_size</wp:meta_key>
			<wp:meta_value><![CDATA[auto auto]]></wp:meta_value>
		</wp:postmeta>
		<wp:postmeta>
			<wp:meta_key>rttheme_left_top_padding</wp:meta_key>
			<wp:meta_value><![CDATA[]]></wp:meta_value>
		</wp:postmeta>
		<wp:postmeta>
			<wp:meta_key>rttheme_right_background_options</wp:meta_key>
			<wp:meta_value><![CDATA[default]]></wp:meta_value>
		</wp:postmeta>
		<wp:postmeta>
			<wp:meta_key>rttheme_right_background_image_url</wp:meta_key>
			<wp:meta_value><![CDATA[]]></wp:meta_value>
		</wp:postmeta>
		<wp:postmeta>
			<wp:meta_key>rttheme_right_background_color</wp:meta_key>
			<wp:meta_value><![CDATA[]]></wp:meta_value>
		</wp:postmeta>
		<wp:postmeta>
			<wp:meta_key>rttheme_right_background_position</wp:meta_key>
			<wp:meta_value><![CDATA[right top]]></wp:meta_value>
		</wp:postmeta>
		<wp:postmeta>
			<wp:meta_key>rttheme_right_background_repeat</wp:meta_key>
			<wp:meta_value><![CDATA[repeat]]></wp:meta_value>
		</wp:postmeta>
		<wp:postmeta>
			<wp:meta_key>rttheme_right_background_size</wp:meta_key>
			<wp:meta_value><![CDATA[auto auto]]></wp:meta_value>
		</wp:postmeta>
		<wp:postmeta>
			<wp:meta_key>rttheme_right_top_padding</wp:meta_key>
			<wp:meta_value><![CDATA[]]></wp:meta_value>
		</wp:postmeta>
		<wp:postmeta>
			<wp:meta_key>rttheme_footer_background_width</wp:meta_key>
			<wp:meta_value><![CDATA[global]]></wp:meta_value>
		</wp:postmeta>
		<wp:postmeta>
			<wp:meta_key>rttheme_footer_content_width</wp:meta_key>
			<wp:meta_value><![CDATA[global]]></wp:meta_value>
		</wp:postmeta>
		<wp:postmeta>
			<wp:meta_key>rtthemerttheme19_hidden</wp:meta_key>
			<wp:meta_value><![CDATA[1]]></wp:meta_value>
		</wp:postmeta>
		<wp:postmeta>
			<wp:meta_key>_wpb_vc_js_status</wp:meta_key>
			<wp:meta_value><![CDATA[true]]></wp:meta_value>
		</wp:postmeta>
		<wp:postmeta>
			<wp:meta_key>slide_template</wp:meta_key>
			<wp:meta_value><![CDATA[default]]></wp:meta_value>
		</wp:postmeta>
		<wp:postmeta>
			<wp:meta_key>vc_teaser</wp:meta_key>
			<wp:meta_value><![CDATA[a:2:{s:4:"data";s:115:"[{"name":"title","link":"post"},{"name":"image","image":"featured","link":"none"},{"name":"text","mode":"excerpt"}]";s:7:"bgcolor";s:0:"";}]]></wp:meta_value>
		</wp:postmeta>
		<wp:postmeta>
			<wp:meta_key>rttheme_hide_page_title</wp:meta_key>
			<wp:meta_value><![CDATA[on]]></wp:meta_value>
		</wp:postmeta>
		<wp:postmeta>
			<wp:meta_key>rttheme_hide_breadcrumb_menu</wp:meta_key>
			<wp:meta_value><![CDATA[on]]></wp:meta_value>
		</wp:postmeta>
		<wp:postmeta>
			<wp:meta_key>_vc_post_settings</wp:meta_key>
			<wp:meta_value><![CDATA[a:1:{s:7:"vc_grid";a:0:{}}]]></wp:meta_value>
		</wp:postmeta>
	</item>
	<item>
		<title>Cake with cranberries</title>
		<link>http://rt19-demo6.rtthemes.com/?attachment_id=2715</link>
		<pubDate>Wed, 18 Mar 2015 20:09:19 +0000</pubDate>
		<dc:creator><![CDATA[rtthemes]]></dc:creator>
		<guid isPermaLink="false">http://rt19-demo6.rtthemes.com/wp-content/uploads/sites/12/2015/03/gallery2.jpg</guid>
		<description></description>
		<content:encoded><![CDATA[Christmas cake with cranberries, pistachios and cream cheese frosting. Selective focus]]></content:encoded>
		<excerpt:encoded><![CDATA[]]></excerpt:encoded>
		<wp:post_id>2715</wp:post_id>
		<wp:post_date>2015-03-18 20:09:19</wp:post_date>
		<wp:post_date_gmt>2015-03-18 20:09:19</wp:post_date_gmt>
		<wp:comment_status>open</wp:comment_status>
		<wp:ping_status>open</wp:ping_status>
		<wp:post_name>cake-with-cranberries</wp:post_name>
		<wp:status>inherit</wp:status>
		<wp:post_parent>0</wp:post_parent>
		<wp:menu_order>0</wp:menu_order>
		<wp:post_type>attachment</wp:post_type>
		<wp:post_password></wp:post_password>
		<wp:is_sticky>0</wp:is_sticky>
		<wp:attachment_url>http://rt19-demo6.rtthemes.com/wp-content/uploads/sites/12/2015/03/gallery2.jpg</wp:attachment_url>
		<wp:postmeta>
			<wp:meta_key>_wp_attached_file</wp:meta_key>
			<wp:meta_value><![CDATA[2015/03/gallery2.jpg]]></wp:meta_value>
		</wp:postmeta>
		<wp:postmeta>
			<wp:meta_key>_wp_attachment_metadata</wp:meta_key>
			<wp:meta_value><![CDATA[a:5:{s:5:"width";i:889;s:6:"height";i:600;s:4:"file";s:20:"2015/03/gallery2.jpg";s:5:"sizes";a:2:{s:9:"thumbnail";a:4:{s:4:"file";s:20:"gallery2-150x150.jpg";s:5:"width";i:150;s:6:"height";i:150;s:9:"mime-type";s:10:"image/jpeg";}s:6:"medium";a:4:{s:4:"file";s:20:"gallery2-300x202.jpg";s:5:"width";i:300;s:6:"height";i:202;s:9:"mime-type";s:10:"image/jpeg";}}s:10:"image_meta";a:11:{s:8:"aperture";d:4.5;s:6:"credit";s:0:"";s:6:"camera";s:20:"Canon EOS 5D Mark II";s:7:"caption";s:86:"Christmas cake with cranberries, pistachios and cream cheese frosting. Selective focus";s:17:"created_timestamp";i:1351678214;s:9:"copyright";s:0:"";s:12:"focal_length";s:2:"90";s:3:"iso";s:3:"200";s:13:"shutter_speed";s:3:"0.8";s:5:"title";s:21:"Cake with cranberries";s:11:"orientation";i:1;}}]]></wp:meta_value>
		</wp:postmeta>
	</item>
</channel>
</rss>
