<?xml version="1.0" encoding="UTF-8" ?>
<!-- This is a WordPress eXtended RSS file generated by WordPress as an export of your site. -->
<!-- It contains information about your site's posts, pages, comments, categories, and other content. -->
<!-- You may use this file to transfer that content from one site to another. -->
<!-- This file is not intended to serve as a complete backup of your site. -->

<!-- To import this information into a WordPress site follow these steps: -->
<!-- 1. Log in to that site as an administrator. -->
<!-- 2. Go to Tools: Import in the WordPress admin panel. -->
<!-- 3. Install the "WordPress" importer from the list. -->
<!-- 4. Activate & Run Importer. -->
<!-- 5. Upload this file using the form provided on that page. -->
<!-- 6. You will first be asked to map the authors in this export file to users -->
<!--    on the site. For each author, you may choose to map to an -->
<!--    existing user on the site or to create a new user. -->
<!-- 7. WordPress will then import each of the posts, pages, comments, categories, etc. -->
<!--    contained in this file into your site. -->

<!-- generator="WordPress/4.1.1" created="2015-03-19 01:33" -->
<rss version="2.0"
	xmlns:excerpt="http://wordpress.org/export/1.2/excerpt/"
	xmlns:content="http://purl.org/rss/1.0/modules/content/"
	xmlns:wfw="http://wellformedweb.org/CommentAPI/"
	xmlns:dc="http://purl.org/dc/elements/1.1/"
	xmlns:wp="http://wordpress.org/export/1.2/"
>

<channel>
	<title>RT-Theme 19 - Demo 6</title>
	<link>http://rt19-demo6.rtthemes.com</link>
	<description>Just another Tolga Can Blog Sites site</description>
	<pubDate>Thu, 19 Mar 2015 01:33:23 +0000</pubDate>
	<language>en-US</language>
	<wp:wxr_version>1.2</wp:wxr_version>
	<wp:base_site_url>http://rtthemes.com/</wp:base_site_url>
	<wp:base_blog_url>http://rt19-demo6.rtthemes.com</wp:base_blog_url>

	<generator>http://wordpress.org/?v=4.1.1</generator>
	<item>
		<title>logo-2</title>
		<link>http://rt19-demo6.rtthemes.com/?attachment_id=2685</link>
		<pubDate>Thu, 26 Feb 2015 00:28:10 +0000</pubDate>
		<dc:creator><![CDATA[rtthemes]]></dc:creator>
		<guid isPermaLink="false">http://rt19-demo6.rtthemes.com/wp-content/uploads/sites/12/2015/02/logo-2.png</guid>
		<description></description>
		<content:encoded><![CDATA[]]></content:encoded>
		<excerpt:encoded><![CDATA[]]></excerpt:encoded>
		<wp:post_id>2685</wp:post_id>
		<wp:post_date>2015-02-26 00:28:10</wp:post_date>
		<wp:post_date_gmt>2015-02-26 00:28:10</wp:post_date_gmt>
		<wp:comment_status>open</wp:comment_status>
		<wp:ping_status>open</wp:ping_status>
		<wp:post_name>logo-2</wp:post_name>
		<wp:status>inherit</wp:status>
		<wp:post_parent>0</wp:post_parent>
		<wp:menu_order>0</wp:menu_order>
		<wp:post_type>attachment</wp:post_type>
		<wp:post_password></wp:post_password>
		<wp:is_sticky>0</wp:is_sticky>
		<wp:attachment_url>http://rt19-demo6.rtthemes.com/wp-content/uploads/sites/12/2015/02/logo-2.png</wp:attachment_url>
		<wp:postmeta>
			<wp:meta_key>_wp_attached_file</wp:meta_key>
			<wp:meta_value><![CDATA[2015/02/logo-2.png]]></wp:meta_value>
		</wp:postmeta>
		<wp:postmeta>
			<wp:meta_key>_wp_attachment_metadata</wp:meta_key>
			<wp:meta_value><![CDATA[a:5:{s:5:"width";i:343;s:6:"height";i:90;s:4:"file";s:18:"2015/02/logo-2.png";s:5:"sizes";a:2:{s:9:"thumbnail";a:4:{s:4:"file";s:17:"logo-2-150x90.png";s:5:"width";i:150;s:6:"height";i:90;s:9:"mime-type";s:9:"image/png";}s:6:"medium";a:4:{s:4:"file";s:17:"logo-2-300x79.png";s:5:"width";i:300;s:6:"height";i:79;s:9:"mime-type";s:9:"image/png";}}s:10:"image_meta";a:11:{s:8:"aperture";i:0;s:6:"credit";s:0:"";s:6:"camera";s:0:"";s:7:"caption";s:0:"";s:17:"created_timestamp";i:0;s:9:"copyright";s:0:"";s:12:"focal_length";i:0;s:3:"iso";i:0;s:13:"shutter_speed";i:0;s:5:"title";s:0:"";s:11:"orientation";i:0;}}]]></wp:meta_value>
		</wp:postmeta>
	</item>
	<item>
		<title>delicious.png</title>
		<link>http://rt19-demo6.rtthemes.com/?attachment_id=2704</link>
		<pubDate>Wed, 18 Mar 2015 19:58:23 +0000</pubDate>
		<dc:creator><![CDATA[wpengine]]></dc:creator>
		<guid isPermaLink="false">http://rt19-demo6.rtthemes.com/wp-content/uploads/sites/12/revslider/RT-19-demo-6-sample/delicious.png</guid>
		<description></description>
		<content:encoded><![CDATA[]]></content:encoded>
		<excerpt:encoded><![CDATA[]]></excerpt:encoded>
		<wp:post_id>2704</wp:post_id>
		<wp:post_date>2015-03-18 19:58:23</wp:post_date>
		<wp:post_date_gmt>2015-03-18 19:58:23</wp:post_date_gmt>
		<wp:comment_status>closed</wp:comment_status>
		<wp:ping_status>closed</wp:ping_status>
		<wp:post_name>delicious-png</wp:post_name>
		<wp:status>inherit</wp:status>
		<wp:post_parent>0</wp:post_parent>
		<wp:menu_order>0</wp:menu_order>
		<wp:post_type>attachment</wp:post_type>
		<wp:post_password></wp:post_password>
		<wp:is_sticky>0</wp:is_sticky>
		<wp:attachment_url>http://rt19-demo6.rtthemes.com/wp-content/uploads/sites/12/revslider/RT-19-demo-6-sample/delicious.png</wp:attachment_url>
		<wp:postmeta>
			<wp:meta_key>_wp_attached_file</wp:meta_key>
			<wp:meta_value><![CDATA[revslider/RT-19-demo-6-sample/delicious.png]]></wp:meta_value>
		</wp:postmeta>
		<wp:postmeta>
			<wp:meta_key>_wp_attachment_metadata</wp:meta_key>
			<wp:meta_value><![CDATA[a:5:{s:5:"width";i:447;s:6:"height";i:56;s:4:"file";s:43:"revslider/RT-19-demo-6-sample/delicious.png";s:5:"sizes";a:2:{s:9:"thumbnail";a:4:{s:4:"file";s:20:"delicious-150x56.png";s:5:"width";i:150;s:6:"height";i:56;s:9:"mime-type";s:9:"image/png";}s:6:"medium";a:4:{s:4:"file";s:20:"delicious-300x38.png";s:5:"width";i:300;s:6:"height";i:38;s:9:"mime-type";s:9:"image/png";}}s:10:"image_meta";a:11:{s:8:"aperture";i:0;s:6:"credit";s:0:"";s:6:"camera";s:0:"";s:7:"caption";s:0:"";s:17:"created_timestamp";i:0;s:9:"copyright";s:0:"";s:12:"focal_length";i:0;s:3:"iso";i:0;s:13:"shutter_speed";i:0;s:5:"title";s:0:"";s:11:"orientation";i:0;}}]]></wp:meta_value>
		</wp:postmeta>
	</item>
	<item>
		<title>line.jpg</title>
		<link>http://rt19-demo6.rtthemes.com/?attachment_id=2705</link>
		<pubDate>Wed, 18 Mar 2015 19:58:23 +0000</pubDate>
		<dc:creator><![CDATA[wpengine]]></dc:creator>
		<guid isPermaLink="false">http://rt19-demo6.rtthemes.com/wp-content/uploads/sites/12/revslider/RT-19-demo-6-sample/line.jpg</guid>
		<description></description>
		<content:encoded><![CDATA[]]></content:encoded>
		<excerpt:encoded><![CDATA[]]></excerpt:encoded>
		<wp:post_id>2705</wp:post_id>
		<wp:post_date>2015-03-18 19:58:23</wp:post_date>
		<wp:post_date_gmt>2015-03-18 19:58:23</wp:post_date_gmt>
		<wp:comment_status>closed</wp:comment_status>
		<wp:ping_status>closed</wp:ping_status>
		<wp:post_name>line-jpg</wp:post_name>
		<wp:status>inherit</wp:status>
		<wp:post_parent>0</wp:post_parent>
		<wp:menu_order>0</wp:menu_order>
		<wp:post_type>attachment</wp:post_type>
		<wp:post_password></wp:post_password>
		<wp:is_sticky>0</wp:is_sticky>
		<wp:attachment_url>http://rt19-demo6.rtthemes.com/wp-content/uploads/sites/12/revslider/RT-19-demo-6-sample/line.jpg</wp:attachment_url>
		<wp:postmeta>
			<wp:meta_key>_wp_attached_file</wp:meta_key>
			<wp:meta_value><![CDATA[revslider/RT-19-demo-6-sample/line.jpg]]></wp:meta_value>
		</wp:postmeta>
		<wp:postmeta>
			<wp:meta_key>_wp_attachment_metadata</wp:meta_key>
			<wp:meta_value><![CDATA[a:5:{s:5:"width";i:85;s:6:"height";i:4;s:4:"file";s:38:"revslider/RT-19-demo-6-sample/line.jpg";s:5:"sizes";a:0:{}s:10:"image_meta";a:11:{s:8:"aperture";i:0;s:6:"credit";s:0:"";s:6:"camera";s:0:"";s:7:"caption";s:0:"";s:17:"created_timestamp";i:0;s:9:"copyright";s:0:"";s:12:"focal_length";i:0;s:3:"iso";i:0;s:13:"shutter_speed";i:0;s:5:"title";s:0:"";s:11:"orientation";i:0;}}]]></wp:meta_value>
		</wp:postmeta>
	</item>
	<item>
		<title>text-1.png</title>
		<link>http://rt19-demo6.rtthemes.com/?attachment_id=2706</link>
		<pubDate>Wed, 18 Mar 2015 19:58:23 +0000</pubDate>
		<dc:creator><![CDATA[wpengine]]></dc:creator>
		<guid isPermaLink="false">http://rt19-demo6.rtthemes.com/wp-content/uploads/sites/12/revslider/RT-19-demo-6-sample/text-1.png</guid>
		<description></description>
		<content:encoded><![CDATA[]]></content:encoded>
		<excerpt:encoded><![CDATA[]]></excerpt:encoded>
		<wp:post_id>2706</wp:post_id>
		<wp:post_date>2015-03-18 19:58:23</wp:post_date>
		<wp:post_date_gmt>2015-03-18 19:58:23</wp:post_date_gmt>
		<wp:comment_status>closed</wp:comment_status>
		<wp:ping_status>closed</wp:ping_status>
		<wp:post_name>text-1-png</wp:post_name>
		<wp:status>inherit</wp:status>
		<wp:post_parent>0</wp:post_parent>
		<wp:menu_order>0</wp:menu_order>
		<wp:post_type>attachment</wp:post_type>
		<wp:post_password></wp:post_password>
		<wp:is_sticky>0</wp:is_sticky>
		<wp:attachment_url>http://rt19-demo6.rtthemes.com/wp-content/uploads/sites/12/revslider/RT-19-demo-6-sample/text-1.png</wp:attachment_url>
		<wp:postmeta>
			<wp:meta_key>_wp_attached_file</wp:meta_key>
			<wp:meta_value><![CDATA[revslider/RT-19-demo-6-sample/text-1.png]]></wp:meta_value>
		</wp:postmeta>
		<wp:postmeta>
			<wp:meta_key>_wp_attachment_metadata</wp:meta_key>
			<wp:meta_value><![CDATA[a:5:{s:5:"width";i:444;s:6:"height";i:25;s:4:"file";s:40:"revslider/RT-19-demo-6-sample/text-1.png";s:5:"sizes";a:2:{s:9:"thumbnail";a:4:{s:4:"file";s:17:"text-1-150x25.png";s:5:"width";i:150;s:6:"height";i:25;s:9:"mime-type";s:9:"image/png";}s:6:"medium";a:4:{s:4:"file";s:17:"text-1-300x17.png";s:5:"width";i:300;s:6:"height";i:17;s:9:"mime-type";s:9:"image/png";}}s:10:"image_meta";a:11:{s:8:"aperture";i:0;s:6:"credit";s:0:"";s:6:"camera";s:0:"";s:7:"caption";s:0:"";s:17:"created_timestamp";i:0;s:9:"copyright";s:0:"";s:12:"focal_length";i:0;s:3:"iso";i:0;s:13:"shutter_speed";i:0;s:5:"title";s:0:"";s:11:"orientation";i:0;}}]]></wp:meta_value>
		</wp:postmeta>
	</item>
</channel>
</rss>
