<?xml version="1.0" encoding="UTF-8" ?>
<!-- This is a WordPress eXtended RSS file generated by WordPress as an export of your site. -->
<!-- It contains information about your site's posts, pages, comments, categories, and other content. -->
<!-- You may use this file to transfer that content from one site to another. -->
<!-- This file is not intended to serve as a complete backup of your site. -->

<!-- To import this information into a WordPress site follow these steps: -->
<!-- 1. Log in to that site as an administrator. -->
<!-- 2. Go to Tools: Import in the WordPress admin panel. -->
<!-- 3. Install the "WordPress" importer from the list. -->
<!-- 4. Activate & Run Importer. -->
<!-- 5. Upload this file using the form provided on that page. -->
<!-- 6. You will first be asked to map the authors in this export file to users -->
<!--    on the site. For each author, you may choose to map to an -->
<!--    existing user on the site or to create a new user. -->
<!-- 7. WordPress will then import each of the posts, pages, comments, categories, etc. -->
<!--    contained in this file into your site. -->

<!-- generator="WordPress/4.1.1" created="2015-03-19 01:33" -->
<rss version="2.0"
	xmlns:excerpt="http://wordpress.org/export/1.2/excerpt/"
	xmlns:content="http://purl.org/rss/1.0/modules/content/"
	xmlns:wfw="http://wellformedweb.org/CommentAPI/"
	xmlns:dc="http://purl.org/dc/elements/1.1/"
	xmlns:wp="http://wordpress.org/export/1.2/"
>

<channel>
	<title>RT-Theme 19 - Demo 6</title>
	<link>http://rt19-demo6.rtthemes.com</link>
	<description>Just another Tolga Can Blog Sites site</description>
	<pubDate>Thu, 19 Mar 2015 01:33:23 +0000</pubDate>
	<language>en-US</language>
	<wp:wxr_version>1.2</wp:wxr_version>
	<wp:base_site_url>http://rtthemes.com/</wp:base_site_url>
	<wp:base_blog_url>http://rt19-demo6.rtthemes.com</wp:base_blog_url>

	<generator>http://wordpress.org/?v=4.1.1</generator>
	<item>
		<title>Gesunde Zutaten zum Kochen mit frischem Gemüse</title>
		<link>http://rt19-demo6.rtthemes.com/?attachment_id=2716</link>
		<pubDate>Wed, 18 Mar 2015 20:09:20 +0000</pubDate>
		<dc:creator><![CDATA[rtthemes]]></dc:creator>
		<guid isPermaLink="false">http://rt19-demo6.rtthemes.com/wp-content/uploads/sites/12/2015/03/gallery3.jpg</guid>
		<description></description>
		<content:encoded><![CDATA[Gesunde Zutaten zum Kochen mit frischem Gemüse auf Holztisch]]></content:encoded>
		<excerpt:encoded><![CDATA[]]></excerpt:encoded>
		<wp:post_id>2716</wp:post_id>
		<wp:post_date>2015-03-18 20:09:20</wp:post_date>
		<wp:post_date_gmt>2015-03-18 20:09:20</wp:post_date_gmt>
		<wp:comment_status>open</wp:comment_status>
		<wp:ping_status>open</wp:ping_status>
		<wp:post_name>gesunde-zutaten-zum-kochen-mit-frischem-gemuse</wp:post_name>
		<wp:status>inherit</wp:status>
		<wp:post_parent>0</wp:post_parent>
		<wp:menu_order>0</wp:menu_order>
		<wp:post_type>attachment</wp:post_type>
		<wp:post_password></wp:post_password>
		<wp:is_sticky>0</wp:is_sticky>
		<wp:attachment_url>http://rt19-demo6.rtthemes.com/wp-content/uploads/sites/12/2015/03/gallery3.jpg</wp:attachment_url>
		<wp:postmeta>
			<wp:meta_key>_wp_attached_file</wp:meta_key>
			<wp:meta_value><![CDATA[2015/03/gallery3.jpg]]></wp:meta_value>
		</wp:postmeta>
		<wp:postmeta>
			<wp:meta_key>_wp_attachment_metadata</wp:meta_key>
			<wp:meta_value><![CDATA[a:5:{s:5:"width";i:900;s:6:"height";i:600;s:4:"file";s:20:"2015/03/gallery3.jpg";s:5:"sizes";a:2:{s:9:"thumbnail";a:4:{s:4:"file";s:20:"gallery3-150x150.jpg";s:5:"width";i:150;s:6:"height";i:150;s:9:"mime-type";s:10:"image/jpeg";}s:6:"medium";a:4:{s:4:"file";s:20:"gallery3-300x200.jpg";s:5:"width";i:300;s:6:"height";i:200;s:9:"mime-type";s:10:"image/jpeg";}}s:10:"image_meta";a:11:{s:8:"aperture";d:11;s:6:"credit";s:23:"Markus Mainka - Fotolia";s:6:"camera";s:21:"Canon EOS 5D Mark III";s:7:"caption";s:61:"Gesunde Zutaten zum Kochen mit frischem Gemüse auf Holztisch";s:17:"created_timestamp";i:1402675947;s:9:"copyright";s:37:"© Markus Mainka (www.marek-photo.de)";s:12:"focal_length";s:2:"67";s:3:"iso";s:3:"100";s:13:"shutter_speed";s:5:"0.008";s:5:"title";s:47:"Gesunde Zutaten zum Kochen mit frischem Gemüse";s:11:"orientation";i:1;}}]]></wp:meta_value>
		</wp:postmeta>
	</item>
	<item>
		<title>13a51169-d64f-465c-989b-184181a8beca</title>
		<link>http://rt19-demo6.rtthemes.com/?attachment_id=2717</link>
		<pubDate>Wed, 18 Mar 2015 20:09:22 +0000</pubDate>
		<dc:creator><![CDATA[rtthemes]]></dc:creator>
		<guid isPermaLink="false">http://rt19-demo6.rtthemes.com/wp-content/uploads/sites/12/2015/03/gallery4.jpg</guid>
		<description></description>
		<content:encoded><![CDATA[]]></content:encoded>
		<excerpt:encoded><![CDATA[]]></excerpt:encoded>
		<wp:post_id>2717</wp:post_id>
		<wp:post_date>2015-03-18 20:09:22</wp:post_date>
		<wp:post_date_gmt>2015-03-18 20:09:22</wp:post_date_gmt>
		<wp:comment_status>open</wp:comment_status>
		<wp:ping_status>open</wp:ping_status>
		<wp:post_name>13a51169-d64f-465c-989b-184181a8beca</wp:post_name>
		<wp:status>inherit</wp:status>
		<wp:post_parent>0</wp:post_parent>
		<wp:menu_order>0</wp:menu_order>
		<wp:post_type>attachment</wp:post_type>
		<wp:post_password></wp:post_password>
		<wp:is_sticky>0</wp:is_sticky>
		<wp:attachment_url>http://rt19-demo6.rtthemes.com/wp-content/uploads/sites/12/2015/03/gallery4.jpg</wp:attachment_url>
		<wp:postmeta>
			<wp:meta_key>_wp_attached_file</wp:meta_key>
			<wp:meta_value><![CDATA[2015/03/gallery4.jpg]]></wp:meta_value>
		</wp:postmeta>
		<wp:postmeta>
			<wp:meta_key>_wp_attachment_metadata</wp:meta_key>
			<wp:meta_value><![CDATA[a:5:{s:5:"width";i:900;s:6:"height";i:600;s:4:"file";s:20:"2015/03/gallery4.jpg";s:5:"sizes";a:2:{s:9:"thumbnail";a:4:{s:4:"file";s:20:"gallery4-150x150.jpg";s:5:"width";i:150;s:6:"height";i:150;s:9:"mime-type";s:10:"image/jpeg";}s:6:"medium";a:4:{s:4:"file";s:20:"gallery4-300x200.jpg";s:5:"width";i:300;s:6:"height";i:200;s:9:"mime-type";s:10:"image/jpeg";}}s:10:"image_meta";a:11:{s:8:"aperture";d:8;s:6:"credit";s:21:"Lukas Gojda - Fotolia";s:6:"camera";s:12:"Canon EOS 6D";s:7:"caption";s:0:"";s:17:"created_timestamp";i:1416413018;s:9:"copyright";s:4:"Kesu";s:12:"focal_length";s:3:"105";s:3:"iso";s:3:"100";s:13:"shutter_speed";s:4:"0.01";s:5:"title";s:36:"13a51169-d64f-465c-989b-184181a8beca";s:11:"orientation";i:1;}}]]></wp:meta_value>
		</wp:postmeta>
	</item>
	<item>
		<title>dough pizza and ingredient</title>
		<link>http://rt19-demo6.rtthemes.com/?attachment_id=2718</link>
		<pubDate>Wed, 18 Mar 2015 20:09:23 +0000</pubDate>
		<dc:creator><![CDATA[rtthemes]]></dc:creator>
		<guid isPermaLink="false">http://rt19-demo6.rtthemes.com/wp-content/uploads/sites/12/2015/03/gallery5.jpg</guid>
		<description></description>
		<content:encoded><![CDATA[]]></content:encoded>
		<excerpt:encoded><![CDATA[]]></excerpt:encoded>
		<wp:post_id>2718</wp:post_id>
		<wp:post_date>2015-03-18 20:09:23</wp:post_date>
		<wp:post_date_gmt>2015-03-18 20:09:23</wp:post_date_gmt>
		<wp:comment_status>open</wp:comment_status>
		<wp:ping_status>open</wp:ping_status>
		<wp:post_name>dough-pizza-and-ingredient</wp:post_name>
		<wp:status>inherit</wp:status>
		<wp:post_parent>0</wp:post_parent>
		<wp:menu_order>0</wp:menu_order>
		<wp:post_type>attachment</wp:post_type>
		<wp:post_password></wp:post_password>
		<wp:is_sticky>0</wp:is_sticky>
		<wp:attachment_url>http://rt19-demo6.rtthemes.com/wp-content/uploads/sites/12/2015/03/gallery5.jpg</wp:attachment_url>
		<wp:postmeta>
			<wp:meta_key>_wp_attached_file</wp:meta_key>
			<wp:meta_value><![CDATA[2015/03/gallery5.jpg]]></wp:meta_value>
		</wp:postmeta>
		<wp:postmeta>
			<wp:meta_key>_wp_attachment_metadata</wp:meta_key>
			<wp:meta_value><![CDATA[a:5:{s:5:"width";i:900;s:6:"height";i:600;s:4:"file";s:20:"2015/03/gallery5.jpg";s:5:"sizes";a:2:{s:9:"thumbnail";a:4:{s:4:"file";s:20:"gallery5-150x150.jpg";s:5:"width";i:150;s:6:"height";i:150;s:9:"mime-type";s:10:"image/jpeg";}s:6:"medium";a:4:{s:4:"file";s:20:"gallery5-300x200.jpg";s:5:"width";i:300;s:6:"height";i:200;s:9:"mime-type";s:10:"image/jpeg";}}s:10:"image_meta";a:11:{s:8:"aperture";d:7.0999999999999996447286321199499070644378662109375;s:6:"credit";s:18:"M.studio - Fotolia";s:6:"camera";s:21:"Canon EOS 5D Mark III";s:7:"caption";s:0:"";s:17:"created_timestamp";i:1420715962;s:9:"copyright";s:18:"M.studio - Fotolia";s:12:"focal_length";s:2:"70";s:3:"iso";s:3:"100";s:13:"shutter_speed";s:5:"0.008";s:5:"title";s:26:"dough pizza and ingredient";s:11:"orientation";i:1;}}]]></wp:meta_value>
		</wp:postmeta>
	</item>
</channel>
</rss>
