<?xml version="1.0" encoding="UTF-8" ?>
<!-- This is a WordPress eXtended RSS file generated by WordPress as an export of your site. -->
<!-- It contains information about your site's posts, pages, comments, categories, and other content. -->
<!-- You may use this file to transfer that content from one site to another. -->
<!-- This file is not intended to serve as a complete backup of your site. -->

<!-- To import this information into a WordPress site follow these steps: -->
<!-- 1. Log in to that site as an administrator. -->
<!-- 2. Go to Tools: Import in the WordPress admin panel. -->
<!-- 3. Install the "WordPress" importer from the list. -->
<!-- 4. Activate & Run Importer. -->
<!-- 5. Upload this file using the form provided on that page. -->
<!-- 6. You will first be asked to map the authors in this export file to users -->
<!--    on the site. For each author, you may choose to map to an -->
<!--    existing user on the site or to create a new user. -->
<!-- 7. WordPress will then import each of the posts, pages, comments, categories, etc. -->
<!--    contained in this file into your site. -->

<!-- generator="WordPress/4.1.1" created="2015-04-06 01:07" -->
<rss version="2.0"
	xmlns:excerpt="http://wordpress.org/export/1.2/excerpt/"
	xmlns:content="http://purl.org/rss/1.0/modules/content/"
	xmlns:wfw="http://wellformedweb.org/CommentAPI/"
	xmlns:dc="http://purl.org/dc/elements/1.1/"
	xmlns:wp="http://wordpress.org/export/1.2/"
>

<channel>
	<title>RT-Theme 19 - Demo 9</title>
	<link>http://rt19-demo9.rtthemes.com</link>
	<description>Another RT-Theme 19 Demo</description>
	<pubDate>Mon, 06 Apr 2015 01:07:26 +0000</pubDate>
	<language>en-US</language>
	<wp:wxr_version>1.2</wp:wxr_version>
	<wp:base_site_url>http://rtthemes.com/</wp:base_site_url>
	<wp:base_blog_url>http://rt19-demo9.rtthemes.com</wp:base_blog_url>

	<generator>http://wordpress.org/?v=4.1.1</generator>
	<item>
		<title>happy-woman-holding-a-bag-2</title>
		<link>http://rt19-demo9.rtthemes.com/shop-page-with-custom-layout/happy-woman-holding-a-bag-2/</link>
		<pubDate>Thu, 19 Feb 2015 00:31:24 +0000</pubDate>
		<dc:creator><![CDATA[rtthemes]]></dc:creator>
		<guid isPermaLink="false">http://rt19-demo9.rtthemes.com/wp-content/uploads/sites/16/2015/02/happy-woman-holding-a-bag-2.jpg</guid>
		<description></description>
		<content:encoded><![CDATA[]]></content:encoded>
		<excerpt:encoded><![CDATA[]]></excerpt:encoded>
		<wp:post_id>2479</wp:post_id>
		<wp:post_date>2015-02-19 00:31:24</wp:post_date>
		<wp:post_date_gmt>2015-02-19 00:31:24</wp:post_date_gmt>
		<wp:comment_status>open</wp:comment_status>
		<wp:ping_status>open</wp:ping_status>
		<wp:post_name>happy-woman-holding-a-bag-2</wp:post_name>
		<wp:status>inherit</wp:status>
		<wp:post_parent>2472</wp:post_parent>
		<wp:menu_order>0</wp:menu_order>
		<wp:post_type>attachment</wp:post_type>
		<wp:post_password></wp:post_password>
		<wp:is_sticky>0</wp:is_sticky>
		<wp:attachment_url>http://rt19-demo9.rtthemes.com/wp-content/uploads/sites/16/2015/02/happy-woman-holding-a-bag-2.jpg</wp:attachment_url>
		<wp:postmeta>
			<wp:meta_key>_wp_attached_file</wp:meta_key>
			<wp:meta_value><![CDATA[2015/02/happy-woman-holding-a-bag-2.jpg]]></wp:meta_value>
		</wp:postmeta>
		<wp:postmeta>
			<wp:meta_key>_wp_attachment_metadata</wp:meta_key>
			<wp:meta_value><![CDATA[a:5:{s:5:"width";i:1355;s:6:"height";i:878;s:4:"file";s:39:"2015/02/happy-woman-holding-a-bag-2.jpg";s:5:"sizes";a:6:{s:9:"thumbnail";a:4:{s:4:"file";s:39:"happy-woman-holding-a-bag-2-150x150.jpg";s:5:"width";i:150;s:6:"height";i:150;s:9:"mime-type";s:10:"image/jpeg";}s:6:"medium";a:4:{s:4:"file";s:39:"happy-woman-holding-a-bag-2-300x194.jpg";s:5:"width";i:300;s:6:"height";i:194;s:9:"mime-type";s:10:"image/jpeg";}s:5:"large";a:4:{s:4:"file";s:40:"happy-woman-holding-a-bag-2-1024x664.jpg";s:5:"width";i:1024;s:6:"height";i:664;s:9:"mime-type";s:10:"image/jpeg";}s:14:"shop_thumbnail";a:4:{s:4:"file";s:39:"happy-woman-holding-a-bag-2-180x180.jpg";s:5:"width";i:180;s:6:"height";i:180;s:9:"mime-type";s:10:"image/jpeg";}s:12:"shop_catalog";a:4:{s:4:"file";s:39:"happy-woman-holding-a-bag-2-300x300.jpg";s:5:"width";i:300;s:6:"height";i:300;s:9:"mime-type";s:10:"image/jpeg";}s:11:"shop_single";a:4:{s:4:"file";s:39:"happy-woman-holding-a-bag-2-600x600.jpg";s:5:"width";i:600;s:6:"height";i:600;s:9:"mime-type";s:10:"image/jpeg";}}s:10:"image_meta";a:11:{s:8:"aperture";i:0;s:6:"credit";s:0:"";s:6:"camera";s:0:"";s:7:"caption";s:0:"";s:17:"created_timestamp";i:0;s:9:"copyright";s:0:"";s:12:"focal_length";i:0;s:3:"iso";i:0;s:13:"shutter_speed";i:0;s:5:"title";s:0:"";s:11:"orientation";i:0;}}]]></wp:meta_value>
		</wp:postmeta>
	</item>
	<item>
		<title>girls-with-a-bike2</title>
		<link>http://rt19-demo9.rtthemes.com/shop-page-with-custom-layout-2/girls-with-a-bike2/</link>
		<pubDate>Thu, 19 Feb 2015 00:56:56 +0000</pubDate>
		<dc:creator><![CDATA[rtthemes]]></dc:creator>
		<guid isPermaLink="false">http://rt19-demo9.rtthemes.com/wp-content/uploads/sites/16/2015/02/girls-with-a-bike2.jpg</guid>
		<description></description>
		<content:encoded><![CDATA[]]></content:encoded>
		<excerpt:encoded><![CDATA[]]></excerpt:encoded>
		<wp:post_id>2481</wp:post_id>
		<wp:post_date>2015-02-19 00:56:56</wp:post_date>
		<wp:post_date_gmt>2015-02-19 00:56:56</wp:post_date_gmt>
		<wp:comment_status>open</wp:comment_status>
		<wp:ping_status>open</wp:ping_status>
		<wp:post_name>girls-with-a-bike2</wp:post_name>
		<wp:status>inherit</wp:status>
		<wp:post_parent>2480</wp:post_parent>
		<wp:menu_order>0</wp:menu_order>
		<wp:post_type>attachment</wp:post_type>
		<wp:post_password></wp:post_password>
		<wp:is_sticky>0</wp:is_sticky>
		<wp:attachment_url>http://rt19-demo9.rtthemes.com/wp-content/uploads/sites/16/2015/02/girls-with-a-bike2.jpg</wp:attachment_url>
		<wp:postmeta>
			<wp:meta_key>_wp_attached_file</wp:meta_key>
			<wp:meta_value><![CDATA[2015/02/girls-with-a-bike2.jpg]]></wp:meta_value>
		</wp:postmeta>
		<wp:postmeta>
			<wp:meta_key>_wp_attachment_metadata</wp:meta_key>
			<wp:meta_value><![CDATA[a:5:{s:5:"width";i:1355;s:6:"height";i:878;s:4:"file";s:30:"2015/02/girls-with-a-bike2.jpg";s:5:"sizes";a:6:{s:9:"thumbnail";a:4:{s:4:"file";s:30:"girls-with-a-bike2-150x150.jpg";s:5:"width";i:150;s:6:"height";i:150;s:9:"mime-type";s:10:"image/jpeg";}s:6:"medium";a:4:{s:4:"file";s:30:"girls-with-a-bike2-300x194.jpg";s:5:"width";i:300;s:6:"height";i:194;s:9:"mime-type";s:10:"image/jpeg";}s:5:"large";a:4:{s:4:"file";s:31:"girls-with-a-bike2-1024x664.jpg";s:5:"width";i:1024;s:6:"height";i:664;s:9:"mime-type";s:10:"image/jpeg";}s:14:"shop_thumbnail";a:4:{s:4:"file";s:30:"girls-with-a-bike2-180x180.jpg";s:5:"width";i:180;s:6:"height";i:180;s:9:"mime-type";s:10:"image/jpeg";}s:12:"shop_catalog";a:4:{s:4:"file";s:30:"girls-with-a-bike2-300x300.jpg";s:5:"width";i:300;s:6:"height";i:300;s:9:"mime-type";s:10:"image/jpeg";}s:11:"shop_single";a:4:{s:4:"file";s:30:"girls-with-a-bike2-600x600.jpg";s:5:"width";i:600;s:6:"height";i:600;s:9:"mime-type";s:10:"image/jpeg";}}s:10:"image_meta";a:11:{s:8:"aperture";i:0;s:6:"credit";s:0:"";s:6:"camera";s:0:"";s:7:"caption";s:0:"";s:17:"created_timestamp";i:0;s:9:"copyright";s:0:"";s:12:"focal_length";i:0;s:3:"iso";i:0;s:13:"shutter_speed";i:0;s:5:"title";s:0:"";s:11:"orientation";i:0;}}]]></wp:meta_value>
		</wp:postmeta>
	</item>
	<item>
		<title>Interno con tavolo e sedie</title>
		<link>http://rt19-demo9.rtthemes.com/2015/02/19/standart-post/interno-con-tavolo-e-sedie/</link>
		<pubDate>Fri, 20 Feb 2015 01:19:08 +0000</pubDate>
		<dc:creator><![CDATA[rtthemes]]></dc:creator>
		<guid isPermaLink="false">http://rt19-demo9.rtthemes.com/wp-content/uploads/sites/16/2015/02/post-image-1.jpg</guid>
		<description></description>
		<content:encoded><![CDATA[]]></content:encoded>
		<excerpt:encoded><![CDATA[]]></excerpt:encoded>
		<wp:post_id>2508</wp:post_id>
		<wp:post_date>2015-02-20 01:19:08</wp:post_date>
		<wp:post_date_gmt>2015-02-20 01:19:08</wp:post_date_gmt>
		<wp:comment_status>open</wp:comment_status>
		<wp:ping_status>open</wp:ping_status>
		<wp:post_name>interno-con-tavolo-e-sedie</wp:post_name>
		<wp:status>inherit</wp:status>
		<wp:post_parent>2505</wp:post_parent>
		<wp:menu_order>0</wp:menu_order>
		<wp:post_type>attachment</wp:post_type>
		<wp:post_password></wp:post_password>
		<wp:is_sticky>0</wp:is_sticky>
		<wp:attachment_url>http://rt19-demo9.rtthemes.com/wp-content/uploads/sites/16/2015/02/post-image-1.jpg</wp:attachment_url>
		<wp:postmeta>
			<wp:meta_key>_wp_attached_file</wp:meta_key>
			<wp:meta_value><![CDATA[2015/02/post-image-1.jpg]]></wp:meta_value>
		</wp:postmeta>
		<wp:postmeta>
			<wp:meta_key>_wp_attachment_metadata</wp:meta_key>
			<wp:meta_value><![CDATA[a:5:{s:5:"width";i:1085;s:6:"height";i:868;s:4:"file";s:24:"2015/02/post-image-1.jpg";s:5:"sizes";a:6:{s:9:"thumbnail";a:4:{s:4:"file";s:24:"post-image-1-150x150.jpg";s:5:"width";i:150;s:6:"height";i:150;s:9:"mime-type";s:10:"image/jpeg";}s:6:"medium";a:4:{s:4:"file";s:24:"post-image-1-300x240.jpg";s:5:"width";i:300;s:6:"height";i:240;s:9:"mime-type";s:10:"image/jpeg";}s:5:"large";a:4:{s:4:"file";s:25:"post-image-1-1024x819.jpg";s:5:"width";i:1024;s:6:"height";i:819;s:9:"mime-type";s:10:"image/jpeg";}s:14:"shop_thumbnail";a:4:{s:4:"file";s:24:"post-image-1-180x180.jpg";s:5:"width";i:180;s:6:"height";i:180;s:9:"mime-type";s:10:"image/jpeg";}s:12:"shop_catalog";a:4:{s:4:"file";s:24:"post-image-1-300x300.jpg";s:5:"width";i:300;s:6:"height";i:300;s:9:"mime-type";s:10:"image/jpeg";}s:11:"shop_single";a:4:{s:4:"file";s:24:"post-image-1-600x600.jpg";s:5:"width";i:600;s:6:"height";i:600;s:9:"mime-type";s:10:"image/jpeg";}}s:10:"image_meta";a:11:{s:8:"aperture";i:0;s:6:"credit";s:22:"3darcastudio - Fotolia";s:6:"camera";s:0:"";s:7:"caption";s:0:"";s:17:"created_timestamp";i:1322865746;s:9:"copyright";s:22:"3darcastudio - Fotolia";s:12:"focal_length";i:0;s:3:"iso";i:0;s:13:"shutter_speed";i:0;s:5:"title";s:26:"Interno con tavolo e sedie";s:11:"orientation";i:1;}}]]></wp:meta_value>
		</wp:postmeta>
	</item>
	<item>
		<title>post-image-2</title>
		<link>http://rt19-demo9.rtthemes.com/2015/02/19/standart-post/post-image-2/</link>
		<pubDate>Fri, 20 Feb 2015 01:19:09 +0000</pubDate>
		<dc:creator><![CDATA[rtthemes]]></dc:creator>
		<guid isPermaLink="false">http://rt19-demo9.rtthemes.com/wp-content/uploads/sites/16/2015/02/post-image-2.jpg</guid>
		<description></description>
		<content:encoded><![CDATA[]]></content:encoded>
		<excerpt:encoded><![CDATA[]]></excerpt:encoded>
		<wp:post_id>2509</wp:post_id>
		<wp:post_date>2015-02-20 01:19:09</wp:post_date>
		<wp:post_date_gmt>2015-02-20 01:19:09</wp:post_date_gmt>
		<wp:comment_status>open</wp:comment_status>
		<wp:ping_status>open</wp:ping_status>
		<wp:post_name>post-image-2</wp:post_name>
		<wp:status>inherit</wp:status>
		<wp:post_parent>2505</wp:post_parent>
		<wp:menu_order>0</wp:menu_order>
		<wp:post_type>attachment</wp:post_type>
		<wp:post_password></wp:post_password>
		<wp:is_sticky>0</wp:is_sticky>
		<wp:attachment_url>http://rt19-demo9.rtthemes.com/wp-content/uploads/sites/16/2015/02/post-image-2.jpg</wp:attachment_url>
		<wp:postmeta>
			<wp:meta_key>_wp_attached_file</wp:meta_key>
			<wp:meta_value><![CDATA[2015/02/post-image-2.jpg]]></wp:meta_value>
		</wp:postmeta>
		<wp:postmeta>
			<wp:meta_key>_wp_attachment_metadata</wp:meta_key>
			<wp:meta_value><![CDATA[a:5:{s:5:"width";i:1158;s:6:"height";i:868;s:4:"file";s:24:"2015/02/post-image-2.jpg";s:5:"sizes";a:6:{s:9:"thumbnail";a:4:{s:4:"file";s:24:"post-image-2-150x150.jpg";s:5:"width";i:150;s:6:"height";i:150;s:9:"mime-type";s:10:"image/jpeg";}s:6:"medium";a:4:{s:4:"file";s:24:"post-image-2-300x225.jpg";s:5:"width";i:300;s:6:"height";i:225;s:9:"mime-type";s:10:"image/jpeg";}s:5:"large";a:4:{s:4:"file";s:25:"post-image-2-1024x768.jpg";s:5:"width";i:1024;s:6:"height";i:768;s:9:"mime-type";s:10:"image/jpeg";}s:14:"shop_thumbnail";a:4:{s:4:"file";s:24:"post-image-2-180x180.jpg";s:5:"width";i:180;s:6:"height";i:180;s:9:"mime-type";s:10:"image/jpeg";}s:12:"shop_catalog";a:4:{s:4:"file";s:24:"post-image-2-300x300.jpg";s:5:"width";i:300;s:6:"height";i:300;s:9:"mime-type";s:10:"image/jpeg";}s:11:"shop_single";a:4:{s:4:"file";s:24:"post-image-2-600x600.jpg";s:5:"width";i:600;s:6:"height";i:600;s:9:"mime-type";s:10:"image/jpeg";}}s:10:"image_meta";a:11:{s:8:"aperture";i:0;s:6:"credit";s:0:"";s:6:"camera";s:0:"";s:7:"caption";s:0:"";s:17:"created_timestamp";i:0;s:9:"copyright";s:0:"";s:12:"focal_length";i:0;s:3:"iso";i:0;s:13:"shutter_speed";i:0;s:5:"title";s:0:"";s:11:"orientation";i:1;}}]]></wp:meta_value>
		</wp:postmeta>
	</item>
	<item>
		<title>living room</title>
		<link>http://rt19-demo9.rtthemes.com/2015/02/19/standart-post/living-room/</link>
		<pubDate>Fri, 20 Feb 2015 01:19:10 +0000</pubDate>
		<dc:creator><![CDATA[rtthemes]]></dc:creator>
		<guid isPermaLink="false">http://rt19-demo9.rtthemes.com/wp-content/uploads/sites/16/2015/02/post-image-3.jpg</guid>
		<description></description>
		<content:encoded><![CDATA[]]></content:encoded>
		<excerpt:encoded><![CDATA[]]></excerpt:encoded>
		<wp:post_id>2510</wp:post_id>
		<wp:post_date>2015-02-20 01:19:10</wp:post_date>
		<wp:post_date_gmt>2015-02-20 01:19:10</wp:post_date_gmt>
		<wp:comment_status>open</wp:comment_status>
		<wp:ping_status>open</wp:ping_status>
		<wp:post_name>living-room</wp:post_name>
		<wp:status>inherit</wp:status>
		<wp:post_parent>2505</wp:post_parent>
		<wp:menu_order>0</wp:menu_order>
		<wp:post_type>attachment</wp:post_type>
		<wp:post_password></wp:post_password>
		<wp:is_sticky>0</wp:is_sticky>
		<wp:attachment_url>http://rt19-demo9.rtthemes.com/wp-content/uploads/sites/16/2015/02/post-image-3.jpg</wp:attachment_url>
		<wp:postmeta>
			<wp:meta_key>_wp_attached_file</wp:meta_key>
			<wp:meta_value><![CDATA[2015/02/post-image-3.jpg]]></wp:meta_value>
		</wp:postmeta>
		<wp:postmeta>
			<wp:meta_key>_wp_attachment_metadata</wp:meta_key>
			<wp:meta_value><![CDATA[a:5:{s:5:"width";i:1036;s:6:"height";i:868;s:4:"file";s:24:"2015/02/post-image-3.jpg";s:5:"sizes";a:6:{s:9:"thumbnail";a:4:{s:4:"file";s:24:"post-image-3-150x150.jpg";s:5:"width";i:150;s:6:"height";i:150;s:9:"mime-type";s:10:"image/jpeg";}s:6:"medium";a:4:{s:4:"file";s:24:"post-image-3-300x251.jpg";s:5:"width";i:300;s:6:"height";i:251;s:9:"mime-type";s:10:"image/jpeg";}s:5:"large";a:4:{s:4:"file";s:25:"post-image-3-1024x858.jpg";s:5:"width";i:1024;s:6:"height";i:858;s:9:"mime-type";s:10:"image/jpeg";}s:14:"shop_thumbnail";a:4:{s:4:"file";s:24:"post-image-3-180x180.jpg";s:5:"width";i:180;s:6:"height";i:180;s:9:"mime-type";s:10:"image/jpeg";}s:12:"shop_catalog";a:4:{s:4:"file";s:24:"post-image-3-300x300.jpg";s:5:"width";i:300;s:6:"height";i:300;s:9:"mime-type";s:10:"image/jpeg";}s:11:"shop_single";a:4:{s:4:"file";s:24:"post-image-3-600x600.jpg";s:5:"width";i:600;s:6:"height";i:600;s:9:"mime-type";s:10:"image/jpeg";}}s:10:"image_meta";a:11:{s:8:"aperture";i:0;s:6:"credit";s:22:"3darcastudio - Fotolia";s:6:"camera";s:0:"";s:7:"caption";s:0:"";s:17:"created_timestamp";i:1331276338;s:9:"copyright";s:22:"3darcastudio - Fotolia";s:12:"focal_length";i:0;s:3:"iso";i:0;s:13:"shutter_speed";i:0;s:5:"title";s:11:"living room";s:11:"orientation";i:1;}}]]></wp:meta_value>
		</wp:postmeta>
	</item>
	<item>
		<title>Living room</title>
		<link>http://rt19-demo9.rtthemes.com/2015/02/19/standart-post/living-room-2/</link>
		<pubDate>Fri, 20 Feb 2015 01:19:12 +0000</pubDate>
		<dc:creator><![CDATA[rtthemes]]></dc:creator>
		<guid isPermaLink="false">http://rt19-demo9.rtthemes.com/wp-content/uploads/sites/16/2015/02/post-image-4.jpg</guid>
		<description></description>
		<content:encoded><![CDATA[]]></content:encoded>
		<excerpt:encoded><![CDATA[]]></excerpt:encoded>
		<wp:post_id>2511</wp:post_id>
		<wp:post_date>2015-02-20 01:19:12</wp:post_date>
		<wp:post_date_gmt>2015-02-20 01:19:12</wp:post_date_gmt>
		<wp:comment_status>open</wp:comment_status>
		<wp:ping_status>open</wp:ping_status>
		<wp:post_name>living-room-2</wp:post_name>
		<wp:status>inherit</wp:status>
		<wp:post_parent>2505</wp:post_parent>
		<wp:menu_order>0</wp:menu_order>
		<wp:post_type>attachment</wp:post_type>
		<wp:post_password></wp:post_password>
		<wp:is_sticky>0</wp:is_sticky>
		<wp:attachment_url>http://rt19-demo9.rtthemes.com/wp-content/uploads/sites/16/2015/02/post-image-4.jpg</wp:attachment_url>
		<wp:postmeta>
			<wp:meta_key>_wp_attached_file</wp:meta_key>
			<wp:meta_value><![CDATA[2015/02/post-image-4.jpg]]></wp:meta_value>
		</wp:postmeta>
		<wp:postmeta>
			<wp:meta_key>_wp_attachment_metadata</wp:meta_key>
			<wp:meta_value><![CDATA[a:5:{s:5:"width";i:1485;s:6:"height";i:868;s:4:"file";s:24:"2015/02/post-image-4.jpg";s:5:"sizes";a:6:{s:9:"thumbnail";a:4:{s:4:"file";s:24:"post-image-4-150x150.jpg";s:5:"width";i:150;s:6:"height";i:150;s:9:"mime-type";s:10:"image/jpeg";}s:6:"medium";a:4:{s:4:"file";s:24:"post-image-4-300x175.jpg";s:5:"width";i:300;s:6:"height";i:175;s:9:"mime-type";s:10:"image/jpeg";}s:5:"large";a:4:{s:4:"file";s:25:"post-image-4-1024x599.jpg";s:5:"width";i:1024;s:6:"height";i:599;s:9:"mime-type";s:10:"image/jpeg";}s:14:"shop_thumbnail";a:4:{s:4:"file";s:24:"post-image-4-180x180.jpg";s:5:"width";i:180;s:6:"height";i:180;s:9:"mime-type";s:10:"image/jpeg";}s:12:"shop_catalog";a:4:{s:4:"file";s:24:"post-image-4-300x300.jpg";s:5:"width";i:300;s:6:"height";i:300;s:9:"mime-type";s:10:"image/jpeg";}s:11:"shop_single";a:4:{s:4:"file";s:24:"post-image-4-600x600.jpg";s:5:"width";i:600;s:6:"height";i:600;s:9:"mime-type";s:10:"image/jpeg";}}s:10:"image_meta";a:11:{s:8:"aperture";i:0;s:6:"credit";s:22:"3darcastudio - Fotolia";s:6:"camera";s:0:"";s:7:"caption";s:0:"";s:17:"created_timestamp";i:1335552097;s:9:"copyright";s:22:"3darcastudio - Fotolia";s:12:"focal_length";i:0;s:3:"iso";i:0;s:13:"shutter_speed";i:0;s:5:"title";s:11:"Living room";s:11:"orientation";i:1;}}]]></wp:meta_value>
		</wp:postmeta>
	</item>
</channel>
</rss>
