<?xml version="1.0" encoding="UTF-8" ?>
<!-- This is a WordPress eXtended RSS file generated by WordPress as an export of your site. -->
<!-- It contains information about your site's posts, pages, comments, categories, and other content. -->
<!-- You may use this file to transfer that content from one site to another. -->
<!-- This file is not intended to serve as a complete backup of your site. -->

<!-- To import this information into a WordPress site follow these steps: -->
<!-- 1. Log in to that site as an administrator. -->
<!-- 2. Go to Tools: Import in the WordPress admin panel. -->
<!-- 3. Install the "WordPress" importer from the list. -->
<!-- 4. Activate & Run Importer. -->
<!-- 5. Upload this file using the form provided on that page. -->
<!-- 6. You will first be asked to map the authors in this export file to users -->
<!--    on the site. For each author, you may choose to map to an -->
<!--    existing user on the site or to create a new user. -->
<!-- 7. WordPress will then import each of the posts, pages, comments, categories, etc. -->
<!--    contained in this file into your site. -->

<!-- generator="WordPress/4.1.1" created="2015-03-11 03:39" -->
<rss version="2.0"
	xmlns:excerpt="http://wordpress.org/export/1.2/excerpt/"
	xmlns:content="http://purl.org/rss/1.0/modules/content/"
	xmlns:wfw="http://wellformedweb.org/CommentAPI/"
	xmlns:dc="http://purl.org/dc/elements/1.1/"
	xmlns:wp="http://wordpress.org/export/1.2/"
>

<channel>
	<title>RT-Theme 19 - Demo 3</title>
	<link>http://rt19-demo3.rtthemes.com</link>
	<description>Premium WordPress Theme</description>
	<pubDate>Wed, 11 Mar 2015 03:39:09 +0000</pubDate>
	<language>en-US</language>
	<wp:wxr_version>1.2</wp:wxr_version>
	<wp:base_site_url>http://rtthemes.com/</wp:base_site_url>
	<wp:base_blog_url>http://rt19-demo3.rtthemes.com</wp:base_blog_url>


	<generator>http://wordpress.org/?v=4.1.1</generator>
 	<item>
		<title>Lamp shade</title>
		<link>http://rt19-demo3.rtthemes.com/product-details/product-with-all-elements/lamp-shade/</link>
		<pubDate>Fri, 06 Feb 2015 08:54:38 +0000</pubDate>
		<dc:creator><![CDATA[rtthemes]]></dc:creator>
		<guid isPermaLink="false">http://rt19-demo3.rtthemes.com/wp-content/uploads/sites/7/2015/02/product-5.jpg</guid>
		<description></description>
		<content:encoded><![CDATA[]]></content:encoded>
		<excerpt:encoded><![CDATA[]]></excerpt:encoded>
		<wp:post_id>26</wp:post_id>
		<wp:post_date>2015-02-06 08:54:38</wp:post_date>
		<wp:post_date_gmt>2015-02-06 08:54:38</wp:post_date_gmt>
		<wp:comment_status>open</wp:comment_status>
		<wp:ping_status>open</wp:ping_status>
		<wp:post_name>lamp-shade</wp:post_name>
		<wp:status>inherit</wp:status>
		<wp:post_parent>21</wp:post_parent>
		<wp:menu_order>0</wp:menu_order>
		<wp:post_type>attachment</wp:post_type>
		<wp:post_password></wp:post_password>
		<wp:is_sticky>0</wp:is_sticky>
		<wp:attachment_url>http://rt19-demo3.rtthemes.com/wp-content/uploads/sites/7/2015/02/product-5.jpg</wp:attachment_url>
		<wp:postmeta>
			<wp:meta_key>_wp_attached_file</wp:meta_key>
			<wp:meta_value><![CDATA[2015/02/product-5.jpg]]></wp:meta_value>
		</wp:postmeta>
		<wp:postmeta>
			<wp:meta_key>_wp_attachment_metadata</wp:meta_key>
			<wp:meta_value><![CDATA[a:5:{s:5:"width";i:1000;s:6:"height";i:1510;s:4:"file";s:21:"2015/02/product-5.jpg";s:5:"sizes";a:6:{s:9:"thumbnail";a:4:{s:4:"file";s:21:"product-5-150x150.jpg";s:5:"width";i:150;s:6:"height";i:150;s:9:"mime-type";s:10:"image/jpeg";}s:6:"medium";a:4:{s:4:"file";s:21:"product-5-199x300.jpg";s:5:"width";i:199;s:6:"height";i:300;s:9:"mime-type";s:10:"image/jpeg";}s:5:"large";a:4:{s:4:"file";s:22:"product-5-678x1024.jpg";s:5:"width";i:678;s:6:"height";i:1024;s:9:"mime-type";s:10:"image/jpeg";}s:14:"shop_thumbnail";a:4:{s:4:"file";s:21:"product-5-180x180.jpg";s:5:"width";i:180;s:6:"height";i:180;s:9:"mime-type";s:10:"image/jpeg";}s:12:"shop_catalog";a:4:{s:4:"file";s:21:"product-5-300x300.jpg";s:5:"width";i:300;s:6:"height";i:300;s:9:"mime-type";s:10:"image/jpeg";}s:11:"shop_single";a:4:{s:4:"file";s:21:"product-5-600x600.jpg";s:5:"width";i:600;s:6:"height";i:600;s:9:"mime-type";s:10:"image/jpeg";}}s:10:"image_meta";a:11:{s:8:"aperture";d:8;s:6:"credit";s:22:"planbbeograd - Fotolia";s:6:"camera";s:11:"NIKON D7000";s:7:"caption";s:0:"";s:17:"created_timestamp";i:1332003576;s:9:"copyright";s:22:"planbbeograd - Fotolia";s:12:"focal_length";s:2:"32";s:3:"iso";s:3:"100";s:13:"shutter_speed";s:5:"0.005";s:5:"title";s:10:"Lamp shade";s:11:"orientation";i:1;}}]]></wp:meta_value>
		</wp:postmeta>
	</item>
	<item>
		<title>Three modern vases</title>
		<link>http://rt19-demo3.rtthemes.com/product-details/product-with-all-elements/three-modern-vases/</link>
		<pubDate>Fri, 06 Feb 2015 08:54:39 +0000</pubDate>
		<dc:creator><![CDATA[rtthemes]]></dc:creator>
		<guid isPermaLink="false">http://rt19-demo3.rtthemes.com/wp-content/uploads/sites/7/2015/02/product-6.jpg</guid>
		<description></description>
		<content:encoded><![CDATA[Three modern vases on white background, rendering]]></content:encoded>
		<excerpt:encoded><![CDATA[]]></excerpt:encoded>
		<wp:post_id>27</wp:post_id>
		<wp:post_date>2015-02-06 08:54:39</wp:post_date>
		<wp:post_date_gmt>2015-02-06 08:54:39</wp:post_date_gmt>
		<wp:comment_status>open</wp:comment_status>
		<wp:ping_status>open</wp:ping_status>
		<wp:post_name>three-modern-vases</wp:post_name>
		<wp:status>inherit</wp:status>
		<wp:post_parent>21</wp:post_parent>
		<wp:menu_order>0</wp:menu_order>
		<wp:post_type>attachment</wp:post_type>
		<wp:post_password></wp:post_password>
		<wp:is_sticky>0</wp:is_sticky>
		<wp:attachment_url>http://rt19-demo3.rtthemes.com/wp-content/uploads/sites/7/2015/02/product-6.jpg</wp:attachment_url>
		<wp:postmeta>
			<wp:meta_key>_wp_attached_file</wp:meta_key>
			<wp:meta_value><![CDATA[2015/02/product-6.jpg]]></wp:meta_value>
		</wp:postmeta>
		<wp:postmeta>
			<wp:meta_key>_wp_attachment_metadata</wp:meta_key>
			<wp:meta_value><![CDATA[a:5:{s:5:"width";i:750;s:6:"height";i:1000;s:4:"file";s:21:"2015/02/product-6.jpg";s:5:"sizes";a:5:{s:9:"thumbnail";a:4:{s:4:"file";s:21:"product-6-150x150.jpg";s:5:"width";i:150;s:6:"height";i:150;s:9:"mime-type";s:10:"image/jpeg";}s:6:"medium";a:4:{s:4:"file";s:21:"product-6-225x300.jpg";s:5:"width";i:225;s:6:"height";i:300;s:9:"mime-type";s:10:"image/jpeg";}s:14:"shop_thumbnail";a:4:{s:4:"file";s:21:"product-6-180x180.jpg";s:5:"width";i:180;s:6:"height";i:180;s:9:"mime-type";s:10:"image/jpeg";}s:12:"shop_catalog";a:4:{s:4:"file";s:21:"product-6-300x300.jpg";s:5:"width";i:300;s:6:"height";i:300;s:9:"mime-type";s:10:"image/jpeg";}s:11:"shop_single";a:4:{s:4:"file";s:21:"product-6-600x600.jpg";s:5:"width";i:600;s:6:"height";i:600;s:9:"mime-type";s:10:"image/jpeg";}}s:10:"image_meta";a:11:{s:8:"aperture";i:0;s:6:"credit";s:22:"oliavlasenko - Fotolia";s:6:"camera";s:0:"";s:7:"caption";s:49:"Three modern vases on white background, rendering";s:17:"created_timestamp";i:1310914132;s:9:"copyright";s:22:"oliavlasenko - Fotolia";s:12:"focal_length";i:0;s:3:"iso";i:0;s:13:"shutter_speed";i:0;s:5:"title";s:18:"Three modern vases";s:11:"orientation";i:1;}}]]></wp:meta_value>
		</wp:postmeta>
	</item>
	<item>
		<title>minimalist dining room</title>
		<link>http://rt19-demo3.rtthemes.com/product-details/product-with-all-elements/minimalist-dining-room/</link>
		<pubDate>Fri, 06 Feb 2015 08:54:40 +0000</pubDate>
		<dc:creator><![CDATA[rtthemes]]></dc:creator>
		<guid isPermaLink="false">http://rt19-demo3.rtthemes.com/wp-content/uploads/sites/7/2015/02/product-7.jpg</guid>
		<description></description>
		<content:encoded><![CDATA[black and white minimalist dining room]]></content:encoded>
		<excerpt:encoded><![CDATA[]]></excerpt:encoded>
		<wp:post_id>28</wp:post_id>
		<wp:post_date>2015-02-06 08:54:40</wp:post_date>
		<wp:post_date_gmt>2015-02-06 08:54:40</wp:post_date_gmt>
		<wp:comment_status>open</wp:comment_status>
		<wp:ping_status>open</wp:ping_status>
		<wp:post_name>minimalist-dining-room</wp:post_name>
		<wp:status>inherit</wp:status>
		<wp:post_parent>21</wp:post_parent>
		<wp:menu_order>0</wp:menu_order>
		<wp:post_type>attachment</wp:post_type>
		<wp:post_password></wp:post_password>
		<wp:is_sticky>0</wp:is_sticky>
		<wp:attachment_url>http://rt19-demo3.rtthemes.com/wp-content/uploads/sites/7/2015/02/product-7.jpg</wp:attachment_url>
		<wp:postmeta>
			<wp:meta_key>_wp_attached_file</wp:meta_key>
			<wp:meta_value><![CDATA[2015/02/product-7.jpg]]></wp:meta_value>
		</wp:postmeta>
		<wp:postmeta>
			<wp:meta_key>_wp_attachment_metadata</wp:meta_key>
			<wp:meta_value><![CDATA[a:5:{s:5:"width";i:1000;s:6:"height";i:600;s:4:"file";s:21:"2015/02/product-7.jpg";s:5:"sizes";a:5:{s:9:"thumbnail";a:4:{s:4:"file";s:21:"product-7-150x150.jpg";s:5:"width";i:150;s:6:"height";i:150;s:9:"mime-type";s:10:"image/jpeg";}s:6:"medium";a:4:{s:4:"file";s:21:"product-7-300x180.jpg";s:5:"width";i:300;s:6:"height";i:180;s:9:"mime-type";s:10:"image/jpeg";}s:14:"shop_thumbnail";a:4:{s:4:"file";s:21:"product-7-180x180.jpg";s:5:"width";i:180;s:6:"height";i:180;s:9:"mime-type";s:10:"image/jpeg";}s:12:"shop_catalog";a:4:{s:4:"file";s:21:"product-7-300x300.jpg";s:5:"width";i:300;s:6:"height";i:300;s:9:"mime-type";s:10:"image/jpeg";}s:11:"shop_single";a:4:{s:4:"file";s:21:"product-7-600x600.jpg";s:5:"width";i:600;s:6:"height";i:600;s:9:"mime-type";s:10:"image/jpeg";}}s:10:"image_meta";a:11:{s:8:"aperture";i:0;s:6:"credit";s:23:"archideaphoto - Fotolia";s:6:"camera";s:0:"";s:7:"caption";s:38:"black and white minimalist dining room";s:17:"created_timestamp";i:1304333811;s:9:"copyright";s:23:"archideaphoto - Fotolia";s:12:"focal_length";i:0;s:3:"iso";i:0;s:13:"shutter_speed";i:0;s:5:"title";s:22:"minimalist dining room";s:11:"orientation";i:1;}}]]></wp:meta_value>
		</wp:postmeta>
	</item>
	<item>
		<title>Interior concept</title>
		<link>http://rt19-demo3.rtthemes.com/product-details/product-with-all-elements/interior-concept/</link>
		<pubDate>Fri, 06 Feb 2015 08:54:41 +0000</pubDate>
		<dc:creator><![CDATA[rtthemes]]></dc:creator>
		<guid isPermaLink="false">http://rt19-demo3.rtthemes.com/wp-content/uploads/sites/7/2015/02/product-8.jpg</guid>
		<description></description>
		<content:encoded><![CDATA[]]></content:encoded>
		<excerpt:encoded><![CDATA[]]></excerpt:encoded>
		<wp:post_id>29</wp:post_id>
		<wp:post_date>2015-02-06 08:54:41</wp:post_date>
		<wp:post_date_gmt>2015-02-06 08:54:41</wp:post_date_gmt>
		<wp:comment_status>open</wp:comment_status>
		<wp:ping_status>open</wp:ping_status>
		<wp:post_name>interior-concept</wp:post_name>
		<wp:status>inherit</wp:status>
		<wp:post_parent>21</wp:post_parent>
		<wp:menu_order>0</wp:menu_order>
		<wp:post_type>attachment</wp:post_type>
		<wp:post_password></wp:post_password>
		<wp:is_sticky>0</wp:is_sticky>
		<wp:attachment_url>http://rt19-demo3.rtthemes.com/wp-content/uploads/sites/7/2015/02/product-8.jpg</wp:attachment_url>
		<wp:postmeta>
			<wp:meta_key>_wp_attached_file</wp:meta_key>
			<wp:meta_value><![CDATA[2015/02/product-8.jpg]]></wp:meta_value>
		</wp:postmeta>
		<wp:postmeta>
			<wp:meta_key>_wp_attachment_metadata</wp:meta_key>
			<wp:meta_value><![CDATA[a:5:{s:5:"width";i:1000;s:6:"height";i:750;s:4:"file";s:21:"2015/02/product-8.jpg";s:5:"sizes";a:5:{s:9:"thumbnail";a:4:{s:4:"file";s:21:"product-8-150x150.jpg";s:5:"width";i:150;s:6:"height";i:150;s:9:"mime-type";s:10:"image/jpeg";}s:6:"medium";a:4:{s:4:"file";s:21:"product-8-300x225.jpg";s:5:"width";i:300;s:6:"height";i:225;s:9:"mime-type";s:10:"image/jpeg";}s:14:"shop_thumbnail";a:4:{s:4:"file";s:21:"product-8-180x180.jpg";s:5:"width";i:180;s:6:"height";i:180;s:9:"mime-type";s:10:"image/jpeg";}s:12:"shop_catalog";a:4:{s:4:"file";s:21:"product-8-300x300.jpg";s:5:"width";i:300;s:6:"height";i:300;s:9:"mime-type";s:10:"image/jpeg";}s:11:"shop_single";a:4:{s:4:"file";s:21:"product-8-600x600.jpg";s:5:"width";i:600;s:6:"height";i:600;s:9:"mime-type";s:10:"image/jpeg";}}s:10:"image_meta";a:11:{s:8:"aperture";i:0;s:6:"credit";s:19:"geometrix - Fotolia";s:6:"camera";s:0:"";s:7:"caption";s:0:"";s:17:"created_timestamp";i:1293655216;s:9:"copyright";s:19:"geometrix - Fotolia";s:12:"focal_length";i:0;s:3:"iso";i:0;s:13:"shutter_speed";i:0;s:5:"title";s:16:"Interior concept";s:11:"orientation";i:1;}}]]></wp:meta_value>
		</wp:postmeta>
	</item>
	<item>
		<title>product-9</title>
		<link>http://rt19-demo3.rtthemes.com/product-details/product-with-all-elements/product-9/</link>
		<pubDate>Fri, 06 Feb 2015 08:54:42 +0000</pubDate>
		<dc:creator><![CDATA[rtthemes]]></dc:creator>
		<guid isPermaLink="false">http://rt19-demo3.rtthemes.com/wp-content/uploads/sites/7/2015/02/product-9.jpg</guid>
		<description></description>
		<content:encoded><![CDATA[]]></content:encoded>
		<excerpt:encoded><![CDATA[]]></excerpt:encoded>
		<wp:post_id>30</wp:post_id>
		<wp:post_date>2015-02-06 08:54:42</wp:post_date>
		<wp:post_date_gmt>2015-02-06 08:54:42</wp:post_date_gmt>
		<wp:comment_status>open</wp:comment_status>
		<wp:ping_status>open</wp:ping_status>
		<wp:post_name>product-9</wp:post_name>
		<wp:status>inherit</wp:status>
		<wp:post_parent>21</wp:post_parent>
		<wp:menu_order>0</wp:menu_order>
		<wp:post_type>attachment</wp:post_type>
		<wp:post_password></wp:post_password>
		<wp:is_sticky>0</wp:is_sticky>
		<wp:attachment_url>http://rt19-demo3.rtthemes.com/wp-content/uploads/sites/7/2015/02/product-9.jpg</wp:attachment_url>
		<wp:postmeta>
			<wp:meta_key>_wp_attached_file</wp:meta_key>
			<wp:meta_value><![CDATA[2015/02/product-9.jpg]]></wp:meta_value>
		</wp:postmeta>
		<wp:postmeta>
			<wp:meta_key>_wp_attachment_metadata</wp:meta_key>
			<wp:meta_value><![CDATA[a:5:{s:5:"width";i:1582;s:6:"height";i:1186;s:4:"file";s:21:"2015/02/product-9.jpg";s:5:"sizes";a:6:{s:9:"thumbnail";a:4:{s:4:"file";s:21:"product-9-150x150.jpg";s:5:"width";i:150;s:6:"height";i:150;s:9:"mime-type";s:10:"image/jpeg";}s:6:"medium";a:4:{s:4:"file";s:21:"product-9-300x225.jpg";s:5:"width";i:300;s:6:"height";i:225;s:9:"mime-type";s:10:"image/jpeg";}s:5:"large";a:4:{s:4:"file";s:22:"product-9-1024x768.jpg";s:5:"width";i:1024;s:6:"height";i:768;s:9:"mime-type";s:10:"image/jpeg";}s:14:"shop_thumbnail";a:4:{s:4:"file";s:21:"product-9-180x180.jpg";s:5:"width";i:180;s:6:"height";i:180;s:9:"mime-type";s:10:"image/jpeg";}s:12:"shop_catalog";a:4:{s:4:"file";s:21:"product-9-300x300.jpg";s:5:"width";i:300;s:6:"height";i:300;s:9:"mime-type";s:10:"image/jpeg";}s:11:"shop_single";a:4:{s:4:"file";s:21:"product-9-600x600.jpg";s:5:"width";i:600;s:6:"height";i:600;s:9:"mime-type";s:10:"image/jpeg";}}s:10:"image_meta";a:11:{s:8:"aperture";i:0;s:6:"credit";s:0:"";s:6:"camera";s:0:"";s:7:"caption";s:0:"";s:17:"created_timestamp";i:0;s:9:"copyright";s:0:"";s:12:"focal_length";i:0;s:3:"iso";i:0;s:13:"shutter_speed";i:0;s:5:"title";s:0:"";s:11:"orientation";i:0;}}]]></wp:meta_value>
		</wp:postmeta>
	</item>
	<item>
		<title>product-10</title>
		<link>http://rt19-demo3.rtthemes.com/product-details/product-with-all-elements/product-10/</link>
		<pubDate>Fri, 06 Feb 2015 08:54:43 +0000</pubDate>
		<dc:creator><![CDATA[rtthemes]]></dc:creator>
		<guid isPermaLink="false">http://rt19-demo3.rtthemes.com/wp-content/uploads/sites/7/2015/02/product-10.jpg</guid>
		<description></description>
		<content:encoded><![CDATA[]]></content:encoded>
		<excerpt:encoded><![CDATA[]]></excerpt:encoded>
		<wp:post_id>31</wp:post_id>
		<wp:post_date>2015-02-06 08:54:43</wp:post_date>
		<wp:post_date_gmt>2015-02-06 08:54:43</wp:post_date_gmt>
		<wp:comment_status>open</wp:comment_status>
		<wp:ping_status>open</wp:ping_status>
		<wp:post_name>product-10</wp:post_name>
		<wp:status>inherit</wp:status>
		<wp:post_parent>21</wp:post_parent>
		<wp:menu_order>0</wp:menu_order>
		<wp:post_type>attachment</wp:post_type>
		<wp:post_password></wp:post_password>
		<wp:is_sticky>0</wp:is_sticky>
		<wp:attachment_url>http://rt19-demo3.rtthemes.com/wp-content/uploads/sites/7/2015/02/product-10.jpg</wp:attachment_url>
		<wp:postmeta>
			<wp:meta_key>_wp_attached_file</wp:meta_key>
			<wp:meta_value><![CDATA[2015/02/product-10.jpg]]></wp:meta_value>
		</wp:postmeta>
		<wp:postmeta>
			<wp:meta_key>_wp_attachment_metadata</wp:meta_key>
			<wp:meta_value><![CDATA[a:5:{s:5:"width";i:1582;s:6:"height";i:1186;s:4:"file";s:22:"2015/02/product-10.jpg";s:5:"sizes";a:6:{s:9:"thumbnail";a:4:{s:4:"file";s:22:"product-10-150x150.jpg";s:5:"width";i:150;s:6:"height";i:150;s:9:"mime-type";s:10:"image/jpeg";}s:6:"medium";a:4:{s:4:"file";s:22:"product-10-300x225.jpg";s:5:"width";i:300;s:6:"height";i:225;s:9:"mime-type";s:10:"image/jpeg";}s:5:"large";a:4:{s:4:"file";s:23:"product-10-1024x768.jpg";s:5:"width";i:1024;s:6:"height";i:768;s:9:"mime-type";s:10:"image/jpeg";}s:14:"shop_thumbnail";a:4:{s:4:"file";s:22:"product-10-180x180.jpg";s:5:"width";i:180;s:6:"height";i:180;s:9:"mime-type";s:10:"image/jpeg";}s:12:"shop_catalog";a:4:{s:4:"file";s:22:"product-10-300x300.jpg";s:5:"width";i:300;s:6:"height";i:300;s:9:"mime-type";s:10:"image/jpeg";}s:11:"shop_single";a:4:{s:4:"file";s:22:"product-10-600x600.jpg";s:5:"width";i:600;s:6:"height";i:600;s:9:"mime-type";s:10:"image/jpeg";}}s:10:"image_meta";a:11:{s:8:"aperture";i:0;s:6:"credit";s:0:"";s:6:"camera";s:0:"";s:7:"caption";s:0:"";s:17:"created_timestamp";i:0;s:9:"copyright";s:0:"";s:12:"focal_length";i:0;s:3:"iso";i:0;s:13:"shutter_speed";i:0;s:5:"title";s:0:"";s:11:"orientation";i:0;}}]]></wp:meta_value>
		</wp:postmeta>
	</item>

</channel>
</rss>
