<?xml version="1.0" encoding="UTF-8" ?>
<!-- This is a WordPress eXtended RSS file generated by WordPress as an export of your site. -->
<!-- It contains information about your site's posts, pages, comments, categories, and other content. -->
<!-- You may use this file to transfer that content from one site to another. -->
<!-- This file is not intended to serve as a complete backup of your site. -->

<!-- To import this information into a WordPress site follow these steps: -->
<!-- 1. Log in to that site as an administrator. -->
<!-- 2. Go to Tools: Import in the WordPress admin panel. -->
<!-- 3. Install the "WordPress" importer from the list. -->
<!-- 4. Activate & Run Importer. -->
<!-- 5. Upload this file using the form provided on that page. -->
<!-- 6. You will first be asked to map the authors in this export file to users -->
<!--    on the site. For each author, you may choose to map to an -->
<!--    existing user on the site or to create a new user. -->
<!-- 7. WordPress will then import each of the posts, pages, comments, categories, etc. -->
<!--    contained in this file into your site. -->

<!-- generator="WordPress/4.1.1" created="2015-03-11 03:39" -->
<rss version="2.0"
	xmlns:excerpt="http://wordpress.org/export/1.2/excerpt/"
	xmlns:content="http://purl.org/rss/1.0/modules/content/"
	xmlns:wfw="http://wellformedweb.org/CommentAPI/"
	xmlns:dc="http://purl.org/dc/elements/1.1/"
	xmlns:wp="http://wordpress.org/export/1.2/"
>

<channel>
	<title>RT-Theme 19 - Demo 3</title>
	<link>http://rt19-demo3.rtthemes.com</link>
	<description>Premium WordPress Theme</description>
	<pubDate>Wed, 11 Mar 2015 03:39:09 +0000</pubDate>
	<language>en-US</language>
	<wp:wxr_version>1.2</wp:wxr_version>
	<wp:base_site_url>http://rtthemes.com/</wp:base_site_url>
	<wp:base_blog_url>http://rt19-demo3.rtthemes.com</wp:base_blog_url>


	<generator>http://wordpress.org/?v=4.1.1</generator>
 
	<item>
		<title>Pair of female shoes</title>
		<link>http://rt19-demo3.rtthemes.com/?attachment_id=2446</link>
		<pubDate>Wed, 18 Feb 2015 19:39:20 +0000</pubDate>
		<dc:creator><![CDATA[rtthemes]]></dc:creator>
		<guid isPermaLink="false">http://rt19-demo3.rtthemes.com/wp-content/uploads/sites/7/2015/02/woo-product-3.jpg</guid>
		<description></description>
		<content:encoded><![CDATA[Pair of female shoes isolated on white background]]></content:encoded>
		<excerpt:encoded><![CDATA[]]></excerpt:encoded>
		<wp:post_id>2446</wp:post_id>
		<wp:post_date>2015-02-18 19:39:20</wp:post_date>
		<wp:post_date_gmt>2015-02-18 19:39:20</wp:post_date_gmt>
		<wp:comment_status>open</wp:comment_status>
		<wp:ping_status>open</wp:ping_status>
		<wp:post_name>pair-of-female-shoes</wp:post_name>
		<wp:status>inherit</wp:status>
		<wp:post_parent>0</wp:post_parent>
		<wp:menu_order>0</wp:menu_order>
		<wp:post_type>attachment</wp:post_type>
		<wp:post_password></wp:post_password>
		<wp:is_sticky>0</wp:is_sticky>
		<wp:attachment_url>http://rt19-demo3.rtthemes.com/wp-content/uploads/sites/7/2015/02/woo-product-3.jpg</wp:attachment_url>
		<wp:postmeta>
			<wp:meta_key>_wp_attached_file</wp:meta_key>
			<wp:meta_value><![CDATA[2015/02/woo-product-3.jpg]]></wp:meta_value>
		</wp:postmeta>
		<wp:postmeta>
			<wp:meta_key>_wp_attachment_metadata</wp:meta_key>
			<wp:meta_value><![CDATA[a:5:{s:5:"width";i:1024;s:6:"height";i:683;s:4:"file";s:25:"2015/02/woo-product-3.jpg";s:5:"sizes";a:6:{s:9:"thumbnail";a:4:{s:4:"file";s:25:"woo-product-3-150x150.jpg";s:5:"width";i:150;s:6:"height";i:150;s:9:"mime-type";s:10:"image/jpeg";}s:6:"medium";a:4:{s:4:"file";s:25:"woo-product-3-300x200.jpg";s:5:"width";i:300;s:6:"height";i:200;s:9:"mime-type";s:10:"image/jpeg";}s:5:"large";a:4:{s:4:"file";s:26:"woo-product-3-1024x683.jpg";s:5:"width";i:1024;s:6:"height";i:683;s:9:"mime-type";s:10:"image/jpeg";}s:14:"shop_thumbnail";a:4:{s:4:"file";s:25:"woo-product-3-180x180.jpg";s:5:"width";i:180;s:6:"height";i:180;s:9:"mime-type";s:10:"image/jpeg";}s:12:"shop_catalog";a:4:{s:4:"file";s:25:"woo-product-3-300x300.jpg";s:5:"width";i:300;s:6:"height";i:300;s:9:"mime-type";s:10:"image/jpeg";}s:11:"shop_single";a:4:{s:4:"file";s:25:"woo-product-3-600x600.jpg";s:5:"width";i:600;s:6:"height";i:600;s:9:"mime-type";s:10:"image/jpeg";}}s:10:"image_meta";a:11:{s:8:"aperture";d:8;s:6:"credit";s:24:"Elena Blokhina - Fotolia";s:6:"camera";s:13:"Canon EOS 30D";s:7:"caption";s:49:"Pair of female shoes isolated on white background";s:17:"created_timestamp";i:1318435375;s:9:"copyright";s:24:"Elena Blokhina - Fotolia";s:12:"focal_length";s:2:"30";s:3:"iso";s:3:"100";s:13:"shutter_speed";s:7:"0.00625";s:5:"title";s:20:"Pair of female shoes";s:11:"orientation";i:1;}}]]></wp:meta_value>
		</wp:postmeta>
	</item>
	<item>
		<title>hat on the white background</title>
		<link>http://rt19-demo3.rtthemes.com/?attachment_id=2447</link>
		<pubDate>Wed, 18 Feb 2015 19:39:21 +0000</pubDate>
		<dc:creator><![CDATA[rtthemes]]></dc:creator>
		<guid isPermaLink="false">http://rt19-demo3.rtthemes.com/wp-content/uploads/sites/7/2015/02/woo-product-4.jpg</guid>
		<description></description>
		<content:encoded><![CDATA[]]></content:encoded>
		<excerpt:encoded><![CDATA[]]></excerpt:encoded>
		<wp:post_id>2447</wp:post_id>
		<wp:post_date>2015-02-18 19:39:21</wp:post_date>
		<wp:post_date_gmt>2015-02-18 19:39:21</wp:post_date_gmt>
		<wp:comment_status>open</wp:comment_status>
		<wp:ping_status>open</wp:ping_status>
		<wp:post_name>hat-on-the-white-background</wp:post_name>
		<wp:status>inherit</wp:status>
		<wp:post_parent>0</wp:post_parent>
		<wp:menu_order>0</wp:menu_order>
		<wp:post_type>attachment</wp:post_type>
		<wp:post_password></wp:post_password>
		<wp:is_sticky>0</wp:is_sticky>
		<wp:attachment_url>http://rt19-demo3.rtthemes.com/wp-content/uploads/sites/7/2015/02/woo-product-4.jpg</wp:attachment_url>
		<wp:postmeta>
			<wp:meta_key>_wp_attached_file</wp:meta_key>
			<wp:meta_value><![CDATA[2015/02/woo-product-4.jpg]]></wp:meta_value>
		</wp:postmeta>
		<wp:postmeta>
			<wp:meta_key>_wp_attachment_metadata</wp:meta_key>
			<wp:meta_value><![CDATA[a:5:{s:5:"width";i:1024;s:6:"height";i:683;s:4:"file";s:25:"2015/02/woo-product-4.jpg";s:5:"sizes";a:6:{s:9:"thumbnail";a:4:{s:4:"file";s:25:"woo-product-4-150x150.jpg";s:5:"width";i:150;s:6:"height";i:150;s:9:"mime-type";s:10:"image/jpeg";}s:6:"medium";a:4:{s:4:"file";s:25:"woo-product-4-300x200.jpg";s:5:"width";i:300;s:6:"height";i:200;s:9:"mime-type";s:10:"image/jpeg";}s:5:"large";a:4:{s:4:"file";s:26:"woo-product-4-1024x683.jpg";s:5:"width";i:1024;s:6:"height";i:683;s:9:"mime-type";s:10:"image/jpeg";}s:14:"shop_thumbnail";a:4:{s:4:"file";s:25:"woo-product-4-180x180.jpg";s:5:"width";i:180;s:6:"height";i:180;s:9:"mime-type";s:10:"image/jpeg";}s:12:"shop_catalog";a:4:{s:4:"file";s:25:"woo-product-4-300x300.jpg";s:5:"width";i:300;s:6:"height";i:300;s:9:"mime-type";s:10:"image/jpeg";}s:11:"shop_single";a:4:{s:4:"file";s:25:"woo-product-4-600x600.jpg";s:5:"width";i:600;s:6:"height";i:600;s:9:"mime-type";s:10:"image/jpeg";}}s:10:"image_meta";a:11:{s:8:"aperture";d:8;s:6:"credit";s:20:"antonsov85 - Fotolia";s:6:"camera";s:18:"Canon EOS Kiss X6i";s:7:"caption";s:0:"";s:17:"created_timestamp";i:1414271629;s:9:"copyright";s:10:"ANTONSOV85";s:12:"focal_length";s:3:"100";s:3:"iso";s:3:"100";s:13:"shutter_speed";s:5:"0.008";s:5:"title";s:27:"hat on the white background";s:11:"orientation";i:1;}}]]></wp:meta_value>
		</wp:postmeta>
	</item>
	<item>
		<title>box on the white background</title>
		<link>http://rt19-demo3.rtthemes.com/?attachment_id=2448</link>
		<pubDate>Wed, 18 Feb 2015 19:39:22 +0000</pubDate>
		<dc:creator><![CDATA[rtthemes]]></dc:creator>
		<guid isPermaLink="false">http://rt19-demo3.rtthemes.com/wp-content/uploads/sites/7/2015/02/woo-product-5.jpg</guid>
		<description></description>
		<content:encoded><![CDATA[]]></content:encoded>
		<excerpt:encoded><![CDATA[]]></excerpt:encoded>
		<wp:post_id>2448</wp:post_id>
		<wp:post_date>2015-02-18 19:39:22</wp:post_date>
		<wp:post_date_gmt>2015-02-18 19:39:22</wp:post_date_gmt>
		<wp:comment_status>open</wp:comment_status>
		<wp:ping_status>open</wp:ping_status>
		<wp:post_name>box-on-the-white-background</wp:post_name>
		<wp:status>inherit</wp:status>
		<wp:post_parent>0</wp:post_parent>
		<wp:menu_order>0</wp:menu_order>
		<wp:post_type>attachment</wp:post_type>
		<wp:post_password></wp:post_password>
		<wp:is_sticky>0</wp:is_sticky>
		<wp:attachment_url>http://rt19-demo3.rtthemes.com/wp-content/uploads/sites/7/2015/02/woo-product-5.jpg</wp:attachment_url>
		<wp:postmeta>
			<wp:meta_key>_wp_attached_file</wp:meta_key>
			<wp:meta_value><![CDATA[2015/02/woo-product-5.jpg]]></wp:meta_value>
		</wp:postmeta>
		<wp:postmeta>
			<wp:meta_key>_wp_attachment_metadata</wp:meta_key>
			<wp:meta_value><![CDATA[a:5:{s:5:"width";i:1024;s:6:"height";i:683;s:4:"file";s:25:"2015/02/woo-product-5.jpg";s:5:"sizes";a:6:{s:9:"thumbnail";a:4:{s:4:"file";s:25:"woo-product-5-150x150.jpg";s:5:"width";i:150;s:6:"height";i:150;s:9:"mime-type";s:10:"image/jpeg";}s:6:"medium";a:4:{s:4:"file";s:25:"woo-product-5-300x200.jpg";s:5:"width";i:300;s:6:"height";i:200;s:9:"mime-type";s:10:"image/jpeg";}s:5:"large";a:4:{s:4:"file";s:26:"woo-product-5-1024x683.jpg";s:5:"width";i:1024;s:6:"height";i:683;s:9:"mime-type";s:10:"image/jpeg";}s:14:"shop_thumbnail";a:4:{s:4:"file";s:25:"woo-product-5-180x180.jpg";s:5:"width";i:180;s:6:"height";i:180;s:9:"mime-type";s:10:"image/jpeg";}s:12:"shop_catalog";a:4:{s:4:"file";s:25:"woo-product-5-300x300.jpg";s:5:"width";i:300;s:6:"height";i:300;s:9:"mime-type";s:10:"image/jpeg";}s:11:"shop_single";a:4:{s:4:"file";s:25:"woo-product-5-600x600.jpg";s:5:"width";i:600;s:6:"height";i:600;s:9:"mime-type";s:10:"image/jpeg";}}s:10:"image_meta";a:11:{s:8:"aperture";d:8;s:6:"credit";s:20:"antonsov85 - Fotolia";s:6:"camera";s:18:"Canon EOS Kiss X6i";s:7:"caption";s:0:"";s:17:"created_timestamp";i:1413748338;s:9:"copyright";s:10:"ANTONSOV85";s:12:"focal_length";s:3:"100";s:3:"iso";s:3:"100";s:13:"shutter_speed";s:7:"0.00625";s:5:"title";s:27:"box on the white background";s:11:"orientation";i:1;}}]]></wp:meta_value>
		</wp:postmeta>
	</item>
	<item>
		<title>Female soft bag</title>
		<link>http://rt19-demo3.rtthemes.com/?attachment_id=2449</link>
		<pubDate>Wed, 18 Feb 2015 19:39:23 +0000</pubDate>
		<dc:creator><![CDATA[rtthemes]]></dc:creator>
		<guid isPermaLink="false">http://rt19-demo3.rtthemes.com/wp-content/uploads/sites/7/2015/02/woo-product-6.jpg</guid>
		<description></description>
		<content:encoded><![CDATA[]]></content:encoded>
		<excerpt:encoded><![CDATA[]]></excerpt:encoded>
		<wp:post_id>2449</wp:post_id>
		<wp:post_date>2015-02-18 19:39:23</wp:post_date>
		<wp:post_date_gmt>2015-02-18 19:39:23</wp:post_date_gmt>
		<wp:comment_status>open</wp:comment_status>
		<wp:ping_status>open</wp:ping_status>
		<wp:post_name>female-soft-bag</wp:post_name>
		<wp:status>inherit</wp:status>
		<wp:post_parent>0</wp:post_parent>
		<wp:menu_order>0</wp:menu_order>
		<wp:post_type>attachment</wp:post_type>
		<wp:post_password></wp:post_password>
		<wp:is_sticky>0</wp:is_sticky>
		<wp:attachment_url>http://rt19-demo3.rtthemes.com/wp-content/uploads/sites/7/2015/02/woo-product-6.jpg</wp:attachment_url>
		<wp:postmeta>
			<wp:meta_key>_wp_attached_file</wp:meta_key>
			<wp:meta_value><![CDATA[2015/02/woo-product-6.jpg]]></wp:meta_value>
		</wp:postmeta>
		<wp:postmeta>
			<wp:meta_key>_wp_attachment_metadata</wp:meta_key>
			<wp:meta_value><![CDATA[a:5:{s:5:"width";i:1024;s:6:"height";i:683;s:4:"file";s:25:"2015/02/woo-product-6.jpg";s:5:"sizes";a:6:{s:9:"thumbnail";a:4:{s:4:"file";s:25:"woo-product-6-150x150.jpg";s:5:"width";i:150;s:6:"height";i:150;s:9:"mime-type";s:10:"image/jpeg";}s:6:"medium";a:4:{s:4:"file";s:25:"woo-product-6-300x200.jpg";s:5:"width";i:300;s:6:"height";i:200;s:9:"mime-type";s:10:"image/jpeg";}s:5:"large";a:4:{s:4:"file";s:26:"woo-product-6-1024x683.jpg";s:5:"width";i:1024;s:6:"height";i:683;s:9:"mime-type";s:10:"image/jpeg";}s:14:"shop_thumbnail";a:4:{s:4:"file";s:25:"woo-product-6-180x180.jpg";s:5:"width";i:180;s:6:"height";i:180;s:9:"mime-type";s:10:"image/jpeg";}s:12:"shop_catalog";a:4:{s:4:"file";s:25:"woo-product-6-300x300.jpg";s:5:"width";i:300;s:6:"height";i:300;s:9:"mime-type";s:10:"image/jpeg";}s:11:"shop_single";a:4:{s:4:"file";s:25:"woo-product-6-600x600.jpg";s:5:"width";i:600;s:6:"height";i:600;s:9:"mime-type";s:10:"image/jpeg";}}s:10:"image_meta";a:11:{s:8:"aperture";d:5;s:6:"credit";s:20:"0635925410 - Fotolia";s:6:"camera";s:14:"Canon EOS 550D";s:7:"caption";s:0:"";s:17:"created_timestamp";i:1355581336;s:9:"copyright";s:20:"0635925410 - Fotolia";s:12:"focal_length";s:2:"18";s:3:"iso";s:3:"100";s:13:"shutter_speed";s:3:"0.5";s:5:"title";s:15:"Female soft bag";s:11:"orientation";i:1;}}]]></wp:meta_value>
		</wp:postmeta>
	</item>
	<item>
		<title>Brown stylish men&#039;s belts coiled.</title>
		<link>http://rt19-demo3.rtthemes.com/?attachment_id=2450</link>
		<pubDate>Wed, 18 Feb 2015 19:39:24 +0000</pubDate>
		<dc:creator><![CDATA[rtthemes]]></dc:creator>
		<guid isPermaLink="false">http://rt19-demo3.rtthemes.com/wp-content/uploads/sites/7/2015/02/woo-product-7.jpg</guid>
		<description></description>
		<content:encoded><![CDATA[Brown leather belt with a white background.]]></content:encoded>
		<excerpt:encoded><![CDATA[]]></excerpt:encoded>
		<wp:post_id>2450</wp:post_id>
		<wp:post_date>2015-02-18 19:39:24</wp:post_date>
		<wp:post_date_gmt>2015-02-18 19:39:24</wp:post_date_gmt>
		<wp:comment_status>open</wp:comment_status>
		<wp:ping_status>open</wp:ping_status>
		<wp:post_name>brown-stylish-mens-belts-coiled</wp:post_name>
		<wp:status>inherit</wp:status>
		<wp:post_parent>0</wp:post_parent>
		<wp:menu_order>0</wp:menu_order>
		<wp:post_type>attachment</wp:post_type>
		<wp:post_password></wp:post_password>
		<wp:is_sticky>0</wp:is_sticky>
		<wp:attachment_url>http://rt19-demo3.rtthemes.com/wp-content/uploads/sites/7/2015/02/woo-product-7.jpg</wp:attachment_url>
		<wp:postmeta>
			<wp:meta_key>_wp_attached_file</wp:meta_key>
			<wp:meta_value><![CDATA[2015/02/woo-product-7.jpg]]></wp:meta_value>
		</wp:postmeta>
		<wp:postmeta>
			<wp:meta_key>_wp_attachment_metadata</wp:meta_key>
			<wp:meta_value><![CDATA[a:5:{s:5:"width";i:1024;s:6:"height";i:664;s:4:"file";s:25:"2015/02/woo-product-7.jpg";s:5:"sizes";a:6:{s:9:"thumbnail";a:4:{s:4:"file";s:25:"woo-product-7-150x150.jpg";s:5:"width";i:150;s:6:"height";i:150;s:9:"mime-type";s:10:"image/jpeg";}s:6:"medium";a:4:{s:4:"file";s:25:"woo-product-7-300x195.jpg";s:5:"width";i:300;s:6:"height";i:195;s:9:"mime-type";s:10:"image/jpeg";}s:5:"large";a:4:{s:4:"file";s:26:"woo-product-7-1024x664.jpg";s:5:"width";i:1024;s:6:"height";i:664;s:9:"mime-type";s:10:"image/jpeg";}s:14:"shop_thumbnail";a:4:{s:4:"file";s:25:"woo-product-7-180x180.jpg";s:5:"width";i:180;s:6:"height";i:180;s:9:"mime-type";s:10:"image/jpeg";}s:12:"shop_catalog";a:4:{s:4:"file";s:25:"woo-product-7-300x300.jpg";s:5:"width";i:300;s:6:"height";i:300;s:9:"mime-type";s:10:"image/jpeg";}s:11:"shop_single";a:4:{s:4:"file";s:25:"woo-product-7-600x600.jpg";s:5:"width";i:600;s:6:"height";i:600;s:9:"mime-type";s:10:"image/jpeg";}}s:10:"image_meta";a:11:{s:8:"aperture";i:0;s:6:"credit";s:17:"Justinb - Fotolia";s:6:"camera";s:0:"";s:7:"caption";s:43:"Brown leather belt with a white background.";s:17:"created_timestamp";i:1369343113;s:9:"copyright";s:17:"Justinb - Fotolia";s:12:"focal_length";i:0;s:3:"iso";i:0;s:13:"shutter_speed";i:0;s:5:"title";s:33:"Brown stylish men's belts coiled.";s:11:"orientation";i:1;}}]]></wp:meta_value>
		</wp:postmeta>
	</item>
	<item>
		<title>Elegant sunglasses isolated on the white</title>
		<link>http://rt19-demo3.rtthemes.com/?attachment_id=2451</link>
		<pubDate>Wed, 18 Feb 2015 19:39:25 +0000</pubDate>
		<dc:creator><![CDATA[rtthemes]]></dc:creator>
		<guid isPermaLink="false">http://rt19-demo3.rtthemes.com/wp-content/uploads/sites/7/2015/02/woo-product-8.jpg</guid>
		<description></description>
		<content:encoded><![CDATA[]]></content:encoded>
		<excerpt:encoded><![CDATA[]]></excerpt:encoded>
		<wp:post_id>2451</wp:post_id>
		<wp:post_date>2015-02-18 19:39:25</wp:post_date>
		<wp:post_date_gmt>2015-02-18 19:39:25</wp:post_date_gmt>
		<wp:comment_status>open</wp:comment_status>
		<wp:ping_status>open</wp:ping_status>
		<wp:post_name>elegant-sunglasses-isolated-on-the-white</wp:post_name>
		<wp:status>inherit</wp:status>
		<wp:post_parent>0</wp:post_parent>
		<wp:menu_order>0</wp:menu_order>
		<wp:post_type>attachment</wp:post_type>
		<wp:post_password></wp:post_password>
		<wp:is_sticky>0</wp:is_sticky>
		<wp:attachment_url>http://rt19-demo3.rtthemes.com/wp-content/uploads/sites/7/2015/02/woo-product-8.jpg</wp:attachment_url>
		<wp:postmeta>
			<wp:meta_key>_wp_attached_file</wp:meta_key>
			<wp:meta_value><![CDATA[2015/02/woo-product-8.jpg]]></wp:meta_value>
		</wp:postmeta>
		<wp:postmeta>
			<wp:meta_key>_wp_attachment_metadata</wp:meta_key>
			<wp:meta_value><![CDATA[a:5:{s:5:"width";i:1024;s:6:"height";i:678;s:4:"file";s:25:"2015/02/woo-product-8.jpg";s:5:"sizes";a:6:{s:9:"thumbnail";a:4:{s:4:"file";s:25:"woo-product-8-150x150.jpg";s:5:"width";i:150;s:6:"height";i:150;s:9:"mime-type";s:10:"image/jpeg";}s:6:"medium";a:4:{s:4:"file";s:25:"woo-product-8-300x199.jpg";s:5:"width";i:300;s:6:"height";i:199;s:9:"mime-type";s:10:"image/jpeg";}s:5:"large";a:4:{s:4:"file";s:26:"woo-product-8-1024x678.jpg";s:5:"width";i:1024;s:6:"height";i:678;s:9:"mime-type";s:10:"image/jpeg";}s:14:"shop_thumbnail";a:4:{s:4:"file";s:25:"woo-product-8-180x180.jpg";s:5:"width";i:180;s:6:"height";i:180;s:9:"mime-type";s:10:"image/jpeg";}s:12:"shop_catalog";a:4:{s:4:"file";s:25:"woo-product-8-300x300.jpg";s:5:"width";i:300;s:6:"height";i:300;s:9:"mime-type";s:10:"image/jpeg";}s:11:"shop_single";a:4:{s:4:"file";s:25:"woo-product-8-600x600.jpg";s:5:"width";i:600;s:6:"height";i:600;s:9:"mime-type";s:10:"image/jpeg";}}s:10:"image_meta";a:11:{s:8:"aperture";d:16;s:6:"credit";s:15:"Elnur - Fotolia";s:6:"camera";s:11:"NIKON D7000";s:7:"caption";s:0:"";s:17:"created_timestamp";i:1343223415;s:9:"copyright";s:15:"Elnur - Fotolia";s:12:"focal_length";s:2:"70";s:3:"iso";s:3:"100";s:13:"shutter_speed";s:5:"0.005";s:5:"title";s:40:"Elegant sunglasses isolated on the white";s:11:"orientation";i:1;}}]]></wp:meta_value>
		</wp:postmeta>
	</item>
	<item>
		<title>Man&#039;s watch</title>
		<link>http://rt19-demo3.rtthemes.com/?attachment_id=2452</link>
		<pubDate>Wed, 18 Feb 2015 19:39:26 +0000</pubDate>
		<dc:creator><![CDATA[rtthemes]]></dc:creator>
		<guid isPermaLink="false">http://rt19-demo3.rtthemes.com/wp-content/uploads/sites/7/2015/02/woo-product-9.jpg</guid>
		<description></description>
		<content:encoded><![CDATA[Close up of wrist watch isolated on a white background]]></content:encoded>
		<excerpt:encoded><![CDATA[]]></excerpt:encoded>
		<wp:post_id>2452</wp:post_id>
		<wp:post_date>2015-02-18 19:39:26</wp:post_date>
		<wp:post_date_gmt>2015-02-18 19:39:26</wp:post_date_gmt>
		<wp:comment_status>open</wp:comment_status>
		<wp:ping_status>open</wp:ping_status>
		<wp:post_name>mans-watch</wp:post_name>
		<wp:status>inherit</wp:status>
		<wp:post_parent>0</wp:post_parent>
		<wp:menu_order>0</wp:menu_order>
		<wp:post_type>attachment</wp:post_type>
		<wp:post_password></wp:post_password>
		<wp:is_sticky>0</wp:is_sticky>
		<wp:attachment_url>http://rt19-demo3.rtthemes.com/wp-content/uploads/sites/7/2015/02/woo-product-9.jpg</wp:attachment_url>
		<wp:postmeta>
			<wp:meta_key>_wp_attached_file</wp:meta_key>
			<wp:meta_value><![CDATA[2015/02/woo-product-9.jpg]]></wp:meta_value>
		</wp:postmeta>
		<wp:postmeta>
			<wp:meta_key>_wp_attachment_metadata</wp:meta_key>
			<wp:meta_value><![CDATA[a:5:{s:5:"width";i:994;s:6:"height";i:768;s:4:"file";s:25:"2015/02/woo-product-9.jpg";s:5:"sizes";a:5:{s:9:"thumbnail";a:4:{s:4:"file";s:25:"woo-product-9-150x150.jpg";s:5:"width";i:150;s:6:"height";i:150;s:9:"mime-type";s:10:"image/jpeg";}s:6:"medium";a:4:{s:4:"file";s:25:"woo-product-9-300x232.jpg";s:5:"width";i:300;s:6:"height";i:232;s:9:"mime-type";s:10:"image/jpeg";}s:14:"shop_thumbnail";a:4:{s:4:"file";s:25:"woo-product-9-180x180.jpg";s:5:"width";i:180;s:6:"height";i:180;s:9:"mime-type";s:10:"image/jpeg";}s:12:"shop_catalog";a:4:{s:4:"file";s:25:"woo-product-9-300x300.jpg";s:5:"width";i:300;s:6:"height";i:300;s:9:"mime-type";s:10:"image/jpeg";}s:11:"shop_single";a:4:{s:4:"file";s:25:"woo-product-9-600x600.jpg";s:5:"width";i:600;s:6:"height";i:600;s:9:"mime-type";s:10:"image/jpeg";}}s:10:"image_meta";a:11:{s:8:"aperture";d:22;s:6:"credit";s:25:"Vladimir Vydrin - Fotolia";s:6:"camera";s:10:"PENTAX K-5";s:7:"caption";s:54:"Close up of wrist watch isolated on a white background";s:17:"created_timestamp";i:1320834184;s:9:"copyright";s:25:"Vladimir Vydrin - Fotolia";s:12:"focal_length";s:2:"35";s:3:"iso";s:3:"100";s:13:"shutter_speed";s:16:"0.00555555555556";s:5:"title";s:11:"Man's watch";s:11:"orientation";i:1;}}]]></wp:meta_value>
		</wp:postmeta>
	</item>
	<item>
		<title>Interno con tavolo e sedie</title>
		<link>http://rt19-demo3.rtthemes.com/2015/02/19/standart-post/interno-con-tavolo-e-sedie/</link>
		<pubDate>Fri, 20 Feb 2015 01:19:08 +0000</pubDate>
		<dc:creator><![CDATA[rtthemes]]></dc:creator>
		<guid isPermaLink="false">http://rt19-demo3.rtthemes.com/wp-content/uploads/sites/7/2015/02/post-image-1.jpg</guid>
		<description></description>
		<content:encoded><![CDATA[]]></content:encoded>
		<excerpt:encoded><![CDATA[]]></excerpt:encoded>
		<wp:post_id>2508</wp:post_id>
		<wp:post_date>2015-02-20 01:19:08</wp:post_date>
		<wp:post_date_gmt>2015-02-20 01:19:08</wp:post_date_gmt>
		<wp:comment_status>open</wp:comment_status>
		<wp:ping_status>open</wp:ping_status>
		<wp:post_name>interno-con-tavolo-e-sedie</wp:post_name>
		<wp:status>inherit</wp:status>
		<wp:post_parent>2505</wp:post_parent>
		<wp:menu_order>0</wp:menu_order>
		<wp:post_type>attachment</wp:post_type>
		<wp:post_password></wp:post_password>
		<wp:is_sticky>0</wp:is_sticky>
		<wp:attachment_url>http://rt19-demo3.rtthemes.com/wp-content/uploads/sites/7/2015/02/post-image-1.jpg</wp:attachment_url>
		<wp:postmeta>
			<wp:meta_key>_wp_attached_file</wp:meta_key>
			<wp:meta_value><![CDATA[2015/02/post-image-1.jpg]]></wp:meta_value>
		</wp:postmeta>
		<wp:postmeta>
			<wp:meta_key>_wp_attachment_metadata</wp:meta_key>
			<wp:meta_value><![CDATA[a:5:{s:5:"width";i:1085;s:6:"height";i:868;s:4:"file";s:24:"2015/02/post-image-1.jpg";s:5:"sizes";a:6:{s:9:"thumbnail";a:4:{s:4:"file";s:24:"post-image-1-150x150.jpg";s:5:"width";i:150;s:6:"height";i:150;s:9:"mime-type";s:10:"image/jpeg";}s:6:"medium";a:4:{s:4:"file";s:24:"post-image-1-300x240.jpg";s:5:"width";i:300;s:6:"height";i:240;s:9:"mime-type";s:10:"image/jpeg";}s:5:"large";a:4:{s:4:"file";s:25:"post-image-1-1024x819.jpg";s:5:"width";i:1024;s:6:"height";i:819;s:9:"mime-type";s:10:"image/jpeg";}s:14:"shop_thumbnail";a:4:{s:4:"file";s:24:"post-image-1-180x180.jpg";s:5:"width";i:180;s:6:"height";i:180;s:9:"mime-type";s:10:"image/jpeg";}s:12:"shop_catalog";a:4:{s:4:"file";s:24:"post-image-1-300x300.jpg";s:5:"width";i:300;s:6:"height";i:300;s:9:"mime-type";s:10:"image/jpeg";}s:11:"shop_single";a:4:{s:4:"file";s:24:"post-image-1-600x600.jpg";s:5:"width";i:600;s:6:"height";i:600;s:9:"mime-type";s:10:"image/jpeg";}}s:10:"image_meta";a:11:{s:8:"aperture";i:0;s:6:"credit";s:22:"3darcastudio - Fotolia";s:6:"camera";s:0:"";s:7:"caption";s:0:"";s:17:"created_timestamp";i:1322865746;s:9:"copyright";s:22:"3darcastudio - Fotolia";s:12:"focal_length";i:0;s:3:"iso";i:0;s:13:"shutter_speed";i:0;s:5:"title";s:26:"Interno con tavolo e sedie";s:11:"orientation";i:1;}}]]></wp:meta_value>
		</wp:postmeta>
	</item>
	<item>
		<title>post-image-2</title>
		<link>http://rt19-demo3.rtthemes.com/2015/02/19/standart-post/post-image-2/</link>
		<pubDate>Fri, 20 Feb 2015 01:19:09 +0000</pubDate>
		<dc:creator><![CDATA[rtthemes]]></dc:creator>
		<guid isPermaLink="false">http://rt19-demo3.rtthemes.com/wp-content/uploads/sites/7/2015/02/post-image-2.jpg</guid>
		<description></description>
		<content:encoded><![CDATA[]]></content:encoded>
		<excerpt:encoded><![CDATA[]]></excerpt:encoded>
		<wp:post_id>2509</wp:post_id>
		<wp:post_date>2015-02-20 01:19:09</wp:post_date>
		<wp:post_date_gmt>2015-02-20 01:19:09</wp:post_date_gmt>
		<wp:comment_status>open</wp:comment_status>
		<wp:ping_status>open</wp:ping_status>
		<wp:post_name>post-image-2</wp:post_name>
		<wp:status>inherit</wp:status>
		<wp:post_parent>2505</wp:post_parent>
		<wp:menu_order>0</wp:menu_order>
		<wp:post_type>attachment</wp:post_type>
		<wp:post_password></wp:post_password>
		<wp:is_sticky>0</wp:is_sticky>
		<wp:attachment_url>http://rt19-demo3.rtthemes.com/wp-content/uploads/sites/7/2015/02/post-image-2.jpg</wp:attachment_url>
		<wp:postmeta>
			<wp:meta_key>_wp_attached_file</wp:meta_key>
			<wp:meta_value><![CDATA[2015/02/post-image-2.jpg]]></wp:meta_value>
		</wp:postmeta>
		<wp:postmeta>
			<wp:meta_key>_wp_attachment_metadata</wp:meta_key>
			<wp:meta_value><![CDATA[a:5:{s:5:"width";i:1158;s:6:"height";i:868;s:4:"file";s:24:"2015/02/post-image-2.jpg";s:5:"sizes";a:6:{s:9:"thumbnail";a:4:{s:4:"file";s:24:"post-image-2-150x150.jpg";s:5:"width";i:150;s:6:"height";i:150;s:9:"mime-type";s:10:"image/jpeg";}s:6:"medium";a:4:{s:4:"file";s:24:"post-image-2-300x225.jpg";s:5:"width";i:300;s:6:"height";i:225;s:9:"mime-type";s:10:"image/jpeg";}s:5:"large";a:4:{s:4:"file";s:25:"post-image-2-1024x768.jpg";s:5:"width";i:1024;s:6:"height";i:768;s:9:"mime-type";s:10:"image/jpeg";}s:14:"shop_thumbnail";a:4:{s:4:"file";s:24:"post-image-2-180x180.jpg";s:5:"width";i:180;s:6:"height";i:180;s:9:"mime-type";s:10:"image/jpeg";}s:12:"shop_catalog";a:4:{s:4:"file";s:24:"post-image-2-300x300.jpg";s:5:"width";i:300;s:6:"height";i:300;s:9:"mime-type";s:10:"image/jpeg";}s:11:"shop_single";a:4:{s:4:"file";s:24:"post-image-2-600x600.jpg";s:5:"width";i:600;s:6:"height";i:600;s:9:"mime-type";s:10:"image/jpeg";}}s:10:"image_meta";a:11:{s:8:"aperture";i:0;s:6:"credit";s:0:"";s:6:"camera";s:0:"";s:7:"caption";s:0:"";s:17:"created_timestamp";i:0;s:9:"copyright";s:0:"";s:12:"focal_length";i:0;s:3:"iso";i:0;s:13:"shutter_speed";i:0;s:5:"title";s:0:"";s:11:"orientation";i:1;}}]]></wp:meta_value>
		</wp:postmeta>
	</item>
</channel>
</rss>