<?xml version="1.0" encoding="UTF-8" ?>
<!-- This is a WordPress eXtended RSS file generated by WordPress as an export of your site. -->
<!-- It contains information about your site's posts, pages, comments, categories, and other content. -->
<!-- You may use this file to transfer that content from one site to another. -->
<!-- This file is not intended to serve as a complete backup of your site. -->

<!-- To import this information into a WordPress site follow these steps: -->
<!-- 1. Log in to that site as an administrator. -->
<!-- 2. Go to Tools: Import in the WordPress admin panel. -->
<!-- 3. Install the "WordPress" importer from the list. -->
<!-- 4. Activate & Run Importer. -->
<!-- 5. Upload this file using the form provided on that page. -->
<!-- 6. You will first be asked to map the authors in this export file to users -->
<!--    on the site. For each author, you may choose to map to an -->
<!--    existing user on the site or to create a new user. -->
<!-- 7. WordPress will then import each of the posts, pages, comments, categories, etc. -->
<!--    contained in this file into your site. -->

<!-- generator="WordPress/4.1.1" created="2015-03-11 03:39" -->
<rss version="2.0"
	xmlns:excerpt="http://wordpress.org/export/1.2/excerpt/"
	xmlns:content="http://purl.org/rss/1.0/modules/content/"
	xmlns:wfw="http://wellformedweb.org/CommentAPI/"
	xmlns:dc="http://purl.org/dc/elements/1.1/"
	xmlns:wp="http://wordpress.org/export/1.2/"
>

<channel>
	<title>RT-Theme 19 - Demo 3</title>
	<link>http://rt19-demo3.rtthemes.com</link>
	<description>Premium WordPress Theme</description>
	<pubDate>Wed, 11 Mar 2015 03:39:09 +0000</pubDate>
	<language>en-US</language>
	<wp:wxr_version>1.2</wp:wxr_version>
	<wp:base_site_url>http://rtthemes.com/</wp:base_site_url>
	<wp:base_blog_url>http://rt19-demo3.rtthemes.com</wp:base_blog_url>


	<generator>http://wordpress.org/?v=4.1.1</generator>
 
	<item>
		<title>living room</title>
		<link>http://rt19-demo3.rtthemes.com/2015/02/19/standart-post/living-room/</link>
		<pubDate>Fri, 20 Feb 2015 01:19:10 +0000</pubDate>
		<dc:creator><![CDATA[rtthemes]]></dc:creator>
		<guid isPermaLink="false">http://rt19-demo3.rtthemes.com/wp-content/uploads/sites/7/2015/02/post-image-3.jpg</guid>
		<description></description>
		<content:encoded><![CDATA[]]></content:encoded>
		<excerpt:encoded><![CDATA[]]></excerpt:encoded>
		<wp:post_id>2510</wp:post_id>
		<wp:post_date>2015-02-20 01:19:10</wp:post_date>
		<wp:post_date_gmt>2015-02-20 01:19:10</wp:post_date_gmt>
		<wp:comment_status>open</wp:comment_status>
		<wp:ping_status>open</wp:ping_status>
		<wp:post_name>living-room</wp:post_name>
		<wp:status>inherit</wp:status>
		<wp:post_parent>2505</wp:post_parent>
		<wp:menu_order>0</wp:menu_order>
		<wp:post_type>attachment</wp:post_type>
		<wp:post_password></wp:post_password>
		<wp:is_sticky>0</wp:is_sticky>
		<wp:attachment_url>http://rt19-demo3.rtthemes.com/wp-content/uploads/sites/7/2015/02/post-image-3.jpg</wp:attachment_url>
		<wp:postmeta>
			<wp:meta_key>_wp_attached_file</wp:meta_key>
			<wp:meta_value><![CDATA[2015/02/post-image-3.jpg]]></wp:meta_value>
		</wp:postmeta>
		<wp:postmeta>
			<wp:meta_key>_wp_attachment_metadata</wp:meta_key>
			<wp:meta_value><![CDATA[a:5:{s:5:"width";i:1036;s:6:"height";i:868;s:4:"file";s:24:"2015/02/post-image-3.jpg";s:5:"sizes";a:6:{s:9:"thumbnail";a:4:{s:4:"file";s:24:"post-image-3-150x150.jpg";s:5:"width";i:150;s:6:"height";i:150;s:9:"mime-type";s:10:"image/jpeg";}s:6:"medium";a:4:{s:4:"file";s:24:"post-image-3-300x251.jpg";s:5:"width";i:300;s:6:"height";i:251;s:9:"mime-type";s:10:"image/jpeg";}s:5:"large";a:4:{s:4:"file";s:25:"post-image-3-1024x858.jpg";s:5:"width";i:1024;s:6:"height";i:858;s:9:"mime-type";s:10:"image/jpeg";}s:14:"shop_thumbnail";a:4:{s:4:"file";s:24:"post-image-3-180x180.jpg";s:5:"width";i:180;s:6:"height";i:180;s:9:"mime-type";s:10:"image/jpeg";}s:12:"shop_catalog";a:4:{s:4:"file";s:24:"post-image-3-300x300.jpg";s:5:"width";i:300;s:6:"height";i:300;s:9:"mime-type";s:10:"image/jpeg";}s:11:"shop_single";a:4:{s:4:"file";s:24:"post-image-3-600x600.jpg";s:5:"width";i:600;s:6:"height";i:600;s:9:"mime-type";s:10:"image/jpeg";}}s:10:"image_meta";a:11:{s:8:"aperture";i:0;s:6:"credit";s:22:"3darcastudio - Fotolia";s:6:"camera";s:0:"";s:7:"caption";s:0:"";s:17:"created_timestamp";i:1331276338;s:9:"copyright";s:22:"3darcastudio - Fotolia";s:12:"focal_length";i:0;s:3:"iso";i:0;s:13:"shutter_speed";i:0;s:5:"title";s:11:"living room";s:11:"orientation";i:1;}}]]></wp:meta_value>
		</wp:postmeta>
	</item>
	<item>
		<title>Living room</title>
		<link>http://rt19-demo3.rtthemes.com/2015/02/19/standart-post/living-room-2/</link>
		<pubDate>Fri, 20 Feb 2015 01:19:12 +0000</pubDate>
		<dc:creator><![CDATA[rtthemes]]></dc:creator>
		<guid isPermaLink="false">http://rt19-demo3.rtthemes.com/wp-content/uploads/sites/7/2015/02/post-image-4.jpg</guid>
		<description></description>
		<content:encoded><![CDATA[]]></content:encoded>
		<excerpt:encoded><![CDATA[]]></excerpt:encoded>
		<wp:post_id>2511</wp:post_id>
		<wp:post_date>2015-02-20 01:19:12</wp:post_date>
		<wp:post_date_gmt>2015-02-20 01:19:12</wp:post_date_gmt>
		<wp:comment_status>open</wp:comment_status>
		<wp:ping_status>open</wp:ping_status>
		<wp:post_name>living-room-2</wp:post_name>
		<wp:status>inherit</wp:status>
		<wp:post_parent>2505</wp:post_parent>
		<wp:menu_order>0</wp:menu_order>
		<wp:post_type>attachment</wp:post_type>
		<wp:post_password></wp:post_password>
		<wp:is_sticky>0</wp:is_sticky>
		<wp:attachment_url>http://rt19-demo3.rtthemes.com/wp-content/uploads/sites/7/2015/02/post-image-4.jpg</wp:attachment_url>
		<wp:postmeta>
			<wp:meta_key>_wp_attached_file</wp:meta_key>
			<wp:meta_value><![CDATA[2015/02/post-image-4.jpg]]></wp:meta_value>
		</wp:postmeta>
		<wp:postmeta>
			<wp:meta_key>_wp_attachment_metadata</wp:meta_key>
			<wp:meta_value><![CDATA[a:5:{s:5:"width";i:1485;s:6:"height";i:868;s:4:"file";s:24:"2015/02/post-image-4.jpg";s:5:"sizes";a:6:{s:9:"thumbnail";a:4:{s:4:"file";s:24:"post-image-4-150x150.jpg";s:5:"width";i:150;s:6:"height";i:150;s:9:"mime-type";s:10:"image/jpeg";}s:6:"medium";a:4:{s:4:"file";s:24:"post-image-4-300x175.jpg";s:5:"width";i:300;s:6:"height";i:175;s:9:"mime-type";s:10:"image/jpeg";}s:5:"large";a:4:{s:4:"file";s:25:"post-image-4-1024x599.jpg";s:5:"width";i:1024;s:6:"height";i:599;s:9:"mime-type";s:10:"image/jpeg";}s:14:"shop_thumbnail";a:4:{s:4:"file";s:24:"post-image-4-180x180.jpg";s:5:"width";i:180;s:6:"height";i:180;s:9:"mime-type";s:10:"image/jpeg";}s:12:"shop_catalog";a:4:{s:4:"file";s:24:"post-image-4-300x300.jpg";s:5:"width";i:300;s:6:"height";i:300;s:9:"mime-type";s:10:"image/jpeg";}s:11:"shop_single";a:4:{s:4:"file";s:24:"post-image-4-600x600.jpg";s:5:"width";i:600;s:6:"height";i:600;s:9:"mime-type";s:10:"image/jpeg";}}s:10:"image_meta";a:11:{s:8:"aperture";i:0;s:6:"credit";s:22:"3darcastudio - Fotolia";s:6:"camera";s:0:"";s:7:"caption";s:0:"";s:17:"created_timestamp";i:1335552097;s:9:"copyright";s:22:"3darcastudio - Fotolia";s:12:"focal_length";i:0;s:3:"iso";i:0;s:13:"shutter_speed";i:0;s:5:"title";s:11:"Living room";s:11:"orientation";i:1;}}]]></wp:meta_value>
		</wp:postmeta>
	</item>
	<item>
		<title>lamp on the table with white wall background</title>
		<link>http://rt19-demo3.rtthemes.com/2015/02/19/standart-post/lamp-on-the-table-with-white-wall-background/</link>
		<pubDate>Fri, 20 Feb 2015 01:19:13 +0000</pubDate>
		<dc:creator><![CDATA[rtthemes]]></dc:creator>
		<guid isPermaLink="false">http://rt19-demo3.rtthemes.com/wp-content/uploads/sites/7/2015/02/post-image-5.jpg</guid>
		<description></description>
		<content:encoded><![CDATA[]]></content:encoded>
		<excerpt:encoded><![CDATA[]]></excerpt:encoded>
		<wp:post_id>2512</wp:post_id>
		<wp:post_date>2015-02-20 01:19:13</wp:post_date>
		<wp:post_date_gmt>2015-02-20 01:19:13</wp:post_date_gmt>
		<wp:comment_status>open</wp:comment_status>
		<wp:ping_status>open</wp:ping_status>
		<wp:post_name>lamp-on-the-table-with-white-wall-background</wp:post_name>
		<wp:status>inherit</wp:status>
		<wp:post_parent>2505</wp:post_parent>
		<wp:menu_order>0</wp:menu_order>
		<wp:post_type>attachment</wp:post_type>
		<wp:post_password></wp:post_password>
		<wp:is_sticky>0</wp:is_sticky>
		<wp:attachment_url>http://rt19-demo3.rtthemes.com/wp-content/uploads/sites/7/2015/02/post-image-5.jpg</wp:attachment_url>
		<wp:postmeta>
			<wp:meta_key>_wp_attached_file</wp:meta_key>
			<wp:meta_value><![CDATA[2015/02/post-image-5.jpg]]></wp:meta_value>
		</wp:postmeta>
		<wp:postmeta>
			<wp:meta_key>_wp_attachment_metadata</wp:meta_key>
			<wp:meta_value><![CDATA[a:5:{s:5:"width";i:579;s:6:"height";i:868;s:4:"file";s:24:"2015/02/post-image-5.jpg";s:5:"sizes";a:5:{s:9:"thumbnail";a:4:{s:4:"file";s:24:"post-image-5-150x150.jpg";s:5:"width";i:150;s:6:"height";i:150;s:9:"mime-type";s:10:"image/jpeg";}s:6:"medium";a:4:{s:4:"file";s:24:"post-image-5-200x300.jpg";s:5:"width";i:200;s:6:"height";i:300;s:9:"mime-type";s:10:"image/jpeg";}s:14:"shop_thumbnail";a:4:{s:4:"file";s:24:"post-image-5-180x180.jpg";s:5:"width";i:180;s:6:"height";i:180;s:9:"mime-type";s:10:"image/jpeg";}s:12:"shop_catalog";a:4:{s:4:"file";s:24:"post-image-5-300x300.jpg";s:5:"width";i:300;s:6:"height";i:300;s:9:"mime-type";s:10:"image/jpeg";}s:11:"shop_single";a:4:{s:4:"file";s:24:"post-image-5-579x600.jpg";s:5:"width";i:579;s:6:"height";i:600;s:9:"mime-type";s:10:"image/jpeg";}}s:10:"image_meta";a:11:{s:8:"aperture";d:11;s:6:"credit";s:20:"venusangel - Fotolia";s:6:"camera";s:12:"Canon EOS 7D";s:7:"caption";s:0:"";s:17:"created_timestamp";i:1368813403;s:9:"copyright";s:20:"venusangel - Fotolia";s:12:"focal_length";s:2:"85";s:3:"iso";s:3:"100";s:13:"shutter_speed";s:5:"0.008";s:5:"title";s:44:"lamp on the table with white wall background";s:11:"orientation";i:1;}}]]></wp:meta_value>
		</wp:postmeta>
	</item>
	<item>
		<title>woman-3</title>
		<link>http://rt19-demo3.rtthemes.com/testimonials/woman-3/</link>
		<pubDate>Sat, 21 Feb 2015 23:21:03 +0000</pubDate>
		<dc:creator><![CDATA[rtthemes]]></dc:creator>
		<guid isPermaLink="false">http://rt19-demo3.rtthemes.com/wp-content/uploads/sites/7/2015/02/woman-3.png</guid>
		<description></description>
		<content:encoded><![CDATA[]]></content:encoded>
		<excerpt:encoded><![CDATA[]]></excerpt:encoded>
		<wp:post_id>2568</wp:post_id>
		<wp:post_date>2015-02-21 23:21:03</wp:post_date>
		<wp:post_date_gmt>2015-02-21 23:21:03</wp:post_date_gmt>
		<wp:comment_status>open</wp:comment_status>
		<wp:ping_status>open</wp:ping_status>
		<wp:post_name>woman-3</wp:post_name>
		<wp:status>inherit</wp:status>
		<wp:post_parent>2566</wp:post_parent>
		<wp:menu_order>0</wp:menu_order>
		<wp:post_type>attachment</wp:post_type>
		<wp:post_password></wp:post_password>
		<wp:is_sticky>0</wp:is_sticky>
		<wp:attachment_url>http://rt19-demo3.rtthemes.com/wp-content/uploads/sites/7/2015/02/woman-3.png</wp:attachment_url>
		<wp:postmeta>
			<wp:meta_key>_wp_attached_file</wp:meta_key>
			<wp:meta_value><![CDATA[2015/02/woman-3.png]]></wp:meta_value>
		</wp:postmeta>
		<wp:postmeta>
			<wp:meta_key>_wp_attachment_metadata</wp:meta_key>
			<wp:meta_value><![CDATA[a:5:{s:5:"width";i:350;s:6:"height";i:525;s:4:"file";s:19:"2015/02/woman-3.png";s:5:"sizes";a:4:{s:9:"thumbnail";a:4:{s:4:"file";s:19:"woman-3-150x150.png";s:5:"width";i:150;s:6:"height";i:150;s:9:"mime-type";s:9:"image/png";}s:6:"medium";a:4:{s:4:"file";s:19:"woman-3-200x300.png";s:5:"width";i:200;s:6:"height";i:300;s:9:"mime-type";s:9:"image/png";}s:14:"shop_thumbnail";a:4:{s:4:"file";s:19:"woman-3-180x180.png";s:5:"width";i:180;s:6:"height";i:180;s:9:"mime-type";s:9:"image/png";}s:12:"shop_catalog";a:4:{s:4:"file";s:19:"woman-3-300x300.png";s:5:"width";i:300;s:6:"height";i:300;s:9:"mime-type";s:9:"image/png";}}s:10:"image_meta";a:11:{s:8:"aperture";i:0;s:6:"credit";s:0:"";s:6:"camera";s:0:"";s:7:"caption";s:0:"";s:17:"created_timestamp";i:0;s:9:"copyright";s:0:"";s:12:"focal_length";i:0;s:3:"iso";i:0;s:13:"shutter_speed";i:0;s:5:"title";s:0:"";s:11:"orientation";i:0;}}]]></wp:meta_value>
		</wp:postmeta>
	</item>
	<item>
		<title>logo</title>
		<link>http://rt19-demo3.rtthemes.com/?attachment_id=2631</link>
		<pubDate>Sun, 22 Feb 2015 17:13:25 +0000</pubDate>
		<dc:creator><![CDATA[rtthemes]]></dc:creator>
		<guid isPermaLink="false">http://rt19-demo3.rtthemes.com/wp-content/uploads/sites/7/2015/02/logo11.png</guid>
		<description></description>
		<content:encoded><![CDATA[]]></content:encoded>
		<excerpt:encoded><![CDATA[]]></excerpt:encoded>
		<wp:post_id>2631</wp:post_id>
		<wp:post_date>2015-02-22 17:13:25</wp:post_date>
		<wp:post_date_gmt>2015-02-22 17:13:25</wp:post_date_gmt>
		<wp:comment_status>open</wp:comment_status>
		<wp:ping_status>open</wp:ping_status>
		<wp:post_name>logo-2-2</wp:post_name>
		<wp:status>inherit</wp:status>
		<wp:post_parent>0</wp:post_parent>
		<wp:menu_order>0</wp:menu_order>
		<wp:post_type>attachment</wp:post_type>
		<wp:post_password></wp:post_password>
		<wp:is_sticky>0</wp:is_sticky>
		<wp:attachment_url>http://rt19-demo3.rtthemes.com/wp-content/uploads/sites/7/2015/02/logo11.png</wp:attachment_url>
		<wp:postmeta>
			<wp:meta_key>_wp_attached_file</wp:meta_key>
			<wp:meta_value><![CDATA[2015/02/logo11.png]]></wp:meta_value>
		</wp:postmeta>
		<wp:postmeta>
			<wp:meta_key>_wp_attachment_metadata</wp:meta_key>
			<wp:meta_value><![CDATA[a:5:{s:5:"width";i:504;s:6:"height";i:125;s:4:"file";s:18:"2015/02/logo11.png";s:5:"sizes";a:4:{s:9:"thumbnail";a:4:{s:4:"file";s:18:"logo11-150x125.png";s:5:"width";i:150;s:6:"height";i:125;s:9:"mime-type";s:9:"image/png";}s:6:"medium";a:4:{s:4:"file";s:17:"logo11-300x74.png";s:5:"width";i:300;s:6:"height";i:74;s:9:"mime-type";s:9:"image/png";}s:14:"shop_thumbnail";a:4:{s:4:"file";s:18:"logo11-180x125.png";s:5:"width";i:180;s:6:"height";i:125;s:9:"mime-type";s:9:"image/png";}s:12:"shop_catalog";a:4:{s:4:"file";s:18:"logo11-300x125.png";s:5:"width";i:300;s:6:"height";i:125;s:9:"mime-type";s:9:"image/png";}}s:10:"image_meta";a:11:{s:8:"aperture";i:0;s:6:"credit";s:0:"";s:6:"camera";s:0:"";s:7:"caption";s:0:"";s:17:"created_timestamp";i:0;s:9:"copyright";s:0:"";s:12:"focal_length";i:0;s:3:"iso";i:0;s:13:"shutter_speed";i:0;s:5:"title";s:0:"";s:11:"orientation";i:0;}}]]></wp:meta_value>
		</wp:postmeta>
	</item>
	<item>
		<title>ref1</title>
		<link>http://rt19-demo3.rtthemes.com/home-page/ref1/</link>
		<pubDate>Mon, 23 Feb 2015 12:59:57 +0000</pubDate>
		<dc:creator><![CDATA[rtthemes]]></dc:creator>
		<guid isPermaLink="false">http://rt19-demo3.rtthemes.com/wp-content/uploads/sites/7/2015/02/ref1.png</guid>
		<description></description>
		<content:encoded><![CDATA[]]></content:encoded>
		<excerpt:encoded><![CDATA[]]></excerpt:encoded>
		<wp:post_id>2638</wp:post_id>
		<wp:post_date>2015-02-23 12:59:57</wp:post_date>
		<wp:post_date_gmt>2015-02-23 12:59:57</wp:post_date_gmt>
		<wp:comment_status>open</wp:comment_status>
		<wp:ping_status>open</wp:ping_status>
		<wp:post_name>ref1</wp:post_name>
		<wp:status>inherit</wp:status>
		<wp:post_parent>2591</wp:post_parent>
		<wp:menu_order>0</wp:menu_order>
		<wp:post_type>attachment</wp:post_type>
		<wp:post_password></wp:post_password>
		<wp:is_sticky>0</wp:is_sticky>
		<wp:attachment_url>http://rt19-demo3.rtthemes.com/wp-content/uploads/sites/7/2015/02/ref1.png</wp:attachment_url>
		<wp:postmeta>
			<wp:meta_key>_wp_attached_file</wp:meta_key>
			<wp:meta_value><![CDATA[2015/02/ref1.png]]></wp:meta_value>
		</wp:postmeta>
		<wp:postmeta>
			<wp:meta_key>_wp_attachment_metadata</wp:meta_key>
			<wp:meta_value><![CDATA[a:5:{s:5:"width";i:250;s:6:"height";i:250;s:4:"file";s:16:"2015/02/ref1.png";s:5:"sizes";a:2:{s:9:"thumbnail";a:4:{s:4:"file";s:16:"ref1-150x150.png";s:5:"width";i:150;s:6:"height";i:150;s:9:"mime-type";s:9:"image/png";}s:14:"shop_thumbnail";a:4:{s:4:"file";s:16:"ref1-180x180.png";s:5:"width";i:180;s:6:"height";i:180;s:9:"mime-type";s:9:"image/png";}}s:10:"image_meta";a:11:{s:8:"aperture";i:0;s:6:"credit";s:0:"";s:6:"camera";s:0:"";s:7:"caption";s:0:"";s:17:"created_timestamp";i:0;s:9:"copyright";s:0:"";s:12:"focal_length";i:0;s:3:"iso";i:0;s:13:"shutter_speed";i:0;s:5:"title";s:0:"";s:11:"orientation";i:0;}}]]></wp:meta_value>
		</wp:postmeta>
	</item>
	<item>
		<title>ref2</title>
		<link>http://rt19-demo3.rtthemes.com/home-page/ref2/</link>
		<pubDate>Mon, 23 Feb 2015 12:59:58 +0000</pubDate>
		<dc:creator><![CDATA[rtthemes]]></dc:creator>
		<guid isPermaLink="false">http://rt19-demo3.rtthemes.com/wp-content/uploads/sites/7/2015/02/ref2.png</guid>
		<description></description>
		<content:encoded><![CDATA[]]></content:encoded>
		<excerpt:encoded><![CDATA[]]></excerpt:encoded>
		<wp:post_id>2639</wp:post_id>
		<wp:post_date>2015-02-23 12:59:58</wp:post_date>
		<wp:post_date_gmt>2015-02-23 12:59:58</wp:post_date_gmt>
		<wp:comment_status>open</wp:comment_status>
		<wp:ping_status>open</wp:ping_status>
		<wp:post_name>ref2</wp:post_name>
		<wp:status>inherit</wp:status>
		<wp:post_parent>2591</wp:post_parent>
		<wp:menu_order>0</wp:menu_order>
		<wp:post_type>attachment</wp:post_type>
		<wp:post_password></wp:post_password>
		<wp:is_sticky>0</wp:is_sticky>
		<wp:attachment_url>http://rt19-demo3.rtthemes.com/wp-content/uploads/sites/7/2015/02/ref2.png</wp:attachment_url>
		<wp:postmeta>
			<wp:meta_key>_wp_attached_file</wp:meta_key>
			<wp:meta_value><![CDATA[2015/02/ref2.png]]></wp:meta_value>
		</wp:postmeta>
		<wp:postmeta>
			<wp:meta_key>_wp_attachment_metadata</wp:meta_key>
			<wp:meta_value><![CDATA[a:5:{s:5:"width";i:250;s:6:"height";i:250;s:4:"file";s:16:"2015/02/ref2.png";s:5:"sizes";a:2:{s:9:"thumbnail";a:4:{s:4:"file";s:16:"ref2-150x150.png";s:5:"width";i:150;s:6:"height";i:150;s:9:"mime-type";s:9:"image/png";}s:14:"shop_thumbnail";a:4:{s:4:"file";s:16:"ref2-180x180.png";s:5:"width";i:180;s:6:"height";i:180;s:9:"mime-type";s:9:"image/png";}}s:10:"image_meta";a:11:{s:8:"aperture";i:0;s:6:"credit";s:0:"";s:6:"camera";s:0:"";s:7:"caption";s:0:"";s:17:"created_timestamp";i:0;s:9:"copyright";s:0:"";s:12:"focal_length";i:0;s:3:"iso";i:0;s:13:"shutter_speed";i:0;s:5:"title";s:0:"";s:11:"orientation";i:0;}}]]></wp:meta_value>
		</wp:postmeta>
	</item>
	<item>
		<title>ref3</title>
		<link>http://rt19-demo3.rtthemes.com/home-page/ref3/</link>
		<pubDate>Mon, 23 Feb 2015 12:59:59 +0000</pubDate>
		<dc:creator><![CDATA[rtthemes]]></dc:creator>
		<guid isPermaLink="false">http://rt19-demo3.rtthemes.com/wp-content/uploads/sites/7/2015/02/ref3.png</guid>
		<description></description>
		<content:encoded><![CDATA[]]></content:encoded>
		<excerpt:encoded><![CDATA[]]></excerpt:encoded>
		<wp:post_id>2640</wp:post_id>
		<wp:post_date>2015-02-23 12:59:59</wp:post_date>
		<wp:post_date_gmt>2015-02-23 12:59:59</wp:post_date_gmt>
		<wp:comment_status>open</wp:comment_status>
		<wp:ping_status>open</wp:ping_status>
		<wp:post_name>ref3</wp:post_name>
		<wp:status>inherit</wp:status>
		<wp:post_parent>2591</wp:post_parent>
		<wp:menu_order>0</wp:menu_order>
		<wp:post_type>attachment</wp:post_type>
		<wp:post_password></wp:post_password>
		<wp:is_sticky>0</wp:is_sticky>
		<wp:attachment_url>http://rt19-demo3.rtthemes.com/wp-content/uploads/sites/7/2015/02/ref3.png</wp:attachment_url>
		<wp:postmeta>
			<wp:meta_key>_wp_attached_file</wp:meta_key>
			<wp:meta_value><![CDATA[2015/02/ref3.png]]></wp:meta_value>
		</wp:postmeta>
		<wp:postmeta>
			<wp:meta_key>_wp_attachment_metadata</wp:meta_key>
			<wp:meta_value><![CDATA[a:5:{s:5:"width";i:250;s:6:"height";i:250;s:4:"file";s:16:"2015/02/ref3.png";s:5:"sizes";a:2:{s:9:"thumbnail";a:4:{s:4:"file";s:16:"ref3-150x150.png";s:5:"width";i:150;s:6:"height";i:150;s:9:"mime-type";s:9:"image/png";}s:14:"shop_thumbnail";a:4:{s:4:"file";s:16:"ref3-180x180.png";s:5:"width";i:180;s:6:"height";i:180;s:9:"mime-type";s:9:"image/png";}}s:10:"image_meta";a:11:{s:8:"aperture";i:0;s:6:"credit";s:0:"";s:6:"camera";s:0:"";s:7:"caption";s:0:"";s:17:"created_timestamp";i:0;s:9:"copyright";s:0:"";s:12:"focal_length";i:0;s:3:"iso";i:0;s:13:"shutter_speed";i:0;s:5:"title";s:0:"";s:11:"orientation";i:0;}}]]></wp:meta_value>
		</wp:postmeta>
	</item>
	<item>
		<title>ref4</title>
		<link>http://rt19-demo3.rtthemes.com/home-page/ref4/</link>
		<pubDate>Mon, 23 Feb 2015 13:00:00 +0000</pubDate>
		<dc:creator><![CDATA[rtthemes]]></dc:creator>
		<guid isPermaLink="false">http://rt19-demo3.rtthemes.com/wp-content/uploads/sites/7/2015/02/ref4.png</guid>
		<description></description>
		<content:encoded><![CDATA[]]></content:encoded>
		<excerpt:encoded><![CDATA[]]></excerpt:encoded>
		<wp:post_id>2641</wp:post_id>
		<wp:post_date>2015-02-23 13:00:00</wp:post_date>
		<wp:post_date_gmt>2015-02-23 13:00:00</wp:post_date_gmt>
		<wp:comment_status>open</wp:comment_status>
		<wp:ping_status>open</wp:ping_status>
		<wp:post_name>ref4</wp:post_name>
		<wp:status>inherit</wp:status>
		<wp:post_parent>2591</wp:post_parent>
		<wp:menu_order>0</wp:menu_order>
		<wp:post_type>attachment</wp:post_type>
		<wp:post_password></wp:post_password>
		<wp:is_sticky>0</wp:is_sticky>
		<wp:attachment_url>http://rt19-demo3.rtthemes.com/wp-content/uploads/sites/7/2015/02/ref4.png</wp:attachment_url>
		<wp:postmeta>
			<wp:meta_key>_wp_attached_file</wp:meta_key>
			<wp:meta_value><![CDATA[2015/02/ref4.png]]></wp:meta_value>
		</wp:postmeta>
		<wp:postmeta>
			<wp:meta_key>_wp_attachment_metadata</wp:meta_key>
			<wp:meta_value><![CDATA[a:5:{s:5:"width";i:250;s:6:"height";i:250;s:4:"file";s:16:"2015/02/ref4.png";s:5:"sizes";a:2:{s:9:"thumbnail";a:4:{s:4:"file";s:16:"ref4-150x150.png";s:5:"width";i:150;s:6:"height";i:150;s:9:"mime-type";s:9:"image/png";}s:14:"shop_thumbnail";a:4:{s:4:"file";s:16:"ref4-180x180.png";s:5:"width";i:180;s:6:"height";i:180;s:9:"mime-type";s:9:"image/png";}}s:10:"image_meta";a:11:{s:8:"aperture";i:0;s:6:"credit";s:0:"";s:6:"camera";s:0:"";s:7:"caption";s:0:"";s:17:"created_timestamp";i:0;s:9:"copyright";s:0:"";s:12:"focal_length";i:0;s:3:"iso";i:0;s:13:"shutter_speed";i:0;s:5:"title";s:0:"";s:11:"orientation";i:0;}}]]></wp:meta_value>
		</wp:postmeta>
	</item>
	<item>
		<title>ref5</title>
		<link>http://rt19-demo3.rtthemes.com/home-page/ref5/</link>
		<pubDate>Mon, 23 Feb 2015 13:00:01 +0000</pubDate>
		<dc:creator><![CDATA[rtthemes]]></dc:creator>
		<guid isPermaLink="false">http://rt19-demo3.rtthemes.com/wp-content/uploads/sites/7/2015/02/ref5.png</guid>
		<description></description>
		<content:encoded><![CDATA[]]></content:encoded>
		<excerpt:encoded><![CDATA[]]></excerpt:encoded>
		<wp:post_id>2642</wp:post_id>
		<wp:post_date>2015-02-23 13:00:01</wp:post_date>
		<wp:post_date_gmt>2015-02-23 13:00:01</wp:post_date_gmt>
		<wp:comment_status>open</wp:comment_status>
		<wp:ping_status>open</wp:ping_status>
		<wp:post_name>ref5</wp:post_name>
		<wp:status>inherit</wp:status>
		<wp:post_parent>2591</wp:post_parent>
		<wp:menu_order>0</wp:menu_order>
		<wp:post_type>attachment</wp:post_type>
		<wp:post_password></wp:post_password>
		<wp:is_sticky>0</wp:is_sticky>
		<wp:attachment_url>http://rt19-demo3.rtthemes.com/wp-content/uploads/sites/7/2015/02/ref5.png</wp:attachment_url>
		<wp:postmeta>
			<wp:meta_key>_wp_attached_file</wp:meta_key>
			<wp:meta_value><![CDATA[2015/02/ref5.png]]></wp:meta_value>
		</wp:postmeta>
		<wp:postmeta>
			<wp:meta_key>_wp_attachment_metadata</wp:meta_key>
			<wp:meta_value><![CDATA[a:5:{s:5:"width";i:250;s:6:"height";i:250;s:4:"file";s:16:"2015/02/ref5.png";s:5:"sizes";a:2:{s:9:"thumbnail";a:4:{s:4:"file";s:16:"ref5-150x150.png";s:5:"width";i:150;s:6:"height";i:150;s:9:"mime-type";s:9:"image/png";}s:14:"shop_thumbnail";a:4:{s:4:"file";s:16:"ref5-180x180.png";s:5:"width";i:180;s:6:"height";i:180;s:9:"mime-type";s:9:"image/png";}}s:10:"image_meta";a:11:{s:8:"aperture";i:0;s:6:"credit";s:0:"";s:6:"camera";s:0:"";s:7:"caption";s:0:"";s:17:"created_timestamp";i:0;s:9:"copyright";s:0:"";s:12:"focal_length";i:0;s:3:"iso";i:0;s:13:"shutter_speed";i:0;s:5:"title";s:0:"";s:11:"orientation";i:0;}}]]></wp:meta_value>
		</wp:postmeta>
	</item>
	<item>
		<title>ref6</title>
		<link>http://rt19-demo3.rtthemes.com/home-page/ref6/</link>
		<pubDate>Mon, 23 Feb 2015 13:00:01 +0000</pubDate>
		<dc:creator><![CDATA[rtthemes]]></dc:creator>
		<guid isPermaLink="false">http://rt19-demo3.rtthemes.com/wp-content/uploads/sites/7/2015/02/ref6.png</guid>
		<description></description>
		<content:encoded><![CDATA[]]></content:encoded>
		<excerpt:encoded><![CDATA[]]></excerpt:encoded>
		<wp:post_id>2643</wp:post_id>
		<wp:post_date>2015-02-23 13:00:01</wp:post_date>
		<wp:post_date_gmt>2015-02-23 13:00:01</wp:post_date_gmt>
		<wp:comment_status>open</wp:comment_status>
		<wp:ping_status>open</wp:ping_status>
		<wp:post_name>ref6</wp:post_name>
		<wp:status>inherit</wp:status>
		<wp:post_parent>2591</wp:post_parent>
		<wp:menu_order>0</wp:menu_order>
		<wp:post_type>attachment</wp:post_type>
		<wp:post_password></wp:post_password>
		<wp:is_sticky>0</wp:is_sticky>
		<wp:attachment_url>http://rt19-demo3.rtthemes.com/wp-content/uploads/sites/7/2015/02/ref6.png</wp:attachment_url>
		<wp:postmeta>
			<wp:meta_key>_wp_attached_file</wp:meta_key>
			<wp:meta_value><![CDATA[2015/02/ref6.png]]></wp:meta_value>
		</wp:postmeta>
		<wp:postmeta>
			<wp:meta_key>_wp_attachment_metadata</wp:meta_key>
			<wp:meta_value><![CDATA[a:5:{s:5:"width";i:250;s:6:"height";i:250;s:4:"file";s:16:"2015/02/ref6.png";s:5:"sizes";a:2:{s:9:"thumbnail";a:4:{s:4:"file";s:16:"ref6-150x150.png";s:5:"width";i:150;s:6:"height";i:150;s:9:"mime-type";s:9:"image/png";}s:14:"shop_thumbnail";a:4:{s:4:"file";s:16:"ref6-180x180.png";s:5:"width";i:180;s:6:"height";i:180;s:9:"mime-type";s:9:"image/png";}}s:10:"image_meta";a:11:{s:8:"aperture";i:0;s:6:"credit";s:0:"";s:6:"camera";s:0:"";s:7:"caption";s:0:"";s:17:"created_timestamp";i:0;s:9:"copyright";s:0:"";s:12:"focal_length";i:0;s:3:"iso";i:0;s:13:"shutter_speed";i:0;s:5:"title";s:0:"";s:11:"orientation";i:0;}}]]></wp:meta_value>
		</wp:postmeta>
	</item>	
</channel>
</rss>
