<?xml version="1.0" encoding="UTF-8" ?>
<!-- This is a WordPress eXtended RSS file generated by WordPress as an export of your site. -->
<!-- It contains information about your site's posts, pages, comments, categories, and other content. -->
<!-- You may use this file to transfer that content from one site to another. -->
<!-- This file is not intended to serve as a complete backup of your site. -->

<!-- To import this information into a WordPress site follow these steps: -->
<!-- 1. Log in to that site as an administrator. -->
<!-- 2. Go to Tools: Import in the WordPress admin panel. -->
<!-- 3. Install the "WordPress" importer from the list. -->
<!-- 4. Activate & Run Importer. -->
<!-- 5. Upload this file using the form provided on that page. -->
<!-- 6. You will first be asked to map the authors in this export file to users -->
<!--    on the site. For each author, you may choose to map to an -->
<!--    existing user on the site or to create a new user. -->
<!-- 7. WordPress will then import each of the posts, pages, comments, categories, etc. -->
<!--    contained in this file into your site. -->

<!-- generator="WordPress/4.1.1" created="2015-03-11 03:39" -->
<rss version="2.0"
	xmlns:excerpt="http://wordpress.org/export/1.2/excerpt/"
	xmlns:content="http://purl.org/rss/1.0/modules/content/"
	xmlns:wfw="http://wellformedweb.org/CommentAPI/"
	xmlns:dc="http://purl.org/dc/elements/1.1/"
	xmlns:wp="http://wordpress.org/export/1.2/"
>

<channel>
	<title>RT-Theme 19 - Demo 5</title>
	<link>http://rt19-demo5.rtthemes.com</link>
	<description>Premium WordPress Theme</description>
	<pubDate>Wed, 11 Mar 2015 03:39:59 +0000</pubDate>
	<language>en-US</language>
	<wp:wxr_version>1.2</wp:wxr_version>
	<wp:base_site_url>http://rtthemes.com/</wp:base_site_url>
	<wp:base_blog_url>http://rt19-demo5.rtthemes.com</wp:base_blog_url>

	<item>
		<title>ref8</title>
		<link>http://rt19-demo5.rtthemes.com/home-page/ref8/</link>
		<pubDate>Mon, 23 Feb 2015 13:00:03 +0000</pubDate>
		<dc:creator><![CDATA[rtthemes]]></dc:creator>
		<guid isPermaLink="false">http://rt19-demo5.rtthemes.com/wp-content/uploads/sites/9/2015/02/ref8.png</guid>
		<description></description>
		<content:encoded><![CDATA[]]></content:encoded>
		<excerpt:encoded><![CDATA[]]></excerpt:encoded>
		<wp:post_id>2660</wp:post_id>
		<wp:post_date>2015-02-23 13:00:03</wp:post_date>
		<wp:post_date_gmt>2015-02-23 13:00:03</wp:post_date_gmt>
		<wp:comment_status>open</wp:comment_status>
		<wp:ping_status>open</wp:ping_status>
		<wp:post_name>ref8</wp:post_name>
		<wp:status>inherit</wp:status>
		<wp:post_parent>2591</wp:post_parent>
		<wp:menu_order>0</wp:menu_order>
		<wp:post_type>attachment</wp:post_type>
		<wp:post_password></wp:post_password>
		<wp:is_sticky>0</wp:is_sticky>
		<wp:attachment_url>http://rt19-demo5.rtthemes.com/wp-content/uploads/sites/9/2015/02/ref8.png</wp:attachment_url>
		<wp:postmeta>
			<wp:meta_key>_wp_attached_file</wp:meta_key>
			<wp:meta_value><![CDATA[2015/02/ref8.png]]></wp:meta_value>
		</wp:postmeta>
		<wp:postmeta>
			<wp:meta_key>_wp_attachment_metadata</wp:meta_key>
			<wp:meta_value><![CDATA[a:5:{s:5:"width";i:250;s:6:"height";i:250;s:4:"file";s:16:"2015/02/ref8.png";s:5:"sizes";a:2:{s:9:"thumbnail";a:4:{s:4:"file";s:16:"ref8-150x150.png";s:5:"width";i:150;s:6:"height";i:150;s:9:"mime-type";s:9:"image/png";}s:14:"shop_thumbnail";a:4:{s:4:"file";s:16:"ref8-180x180.png";s:5:"width";i:180;s:6:"height";i:180;s:9:"mime-type";s:9:"image/png";}}s:10:"image_meta";a:11:{s:8:"aperture";i:0;s:6:"credit";s:0:"";s:6:"camera";s:0:"";s:7:"caption";s:0:"";s:17:"created_timestamp";i:0;s:9:"copyright";s:0:"";s:12:"focal_length";i:0;s:3:"iso";i:0;s:13:"shutter_speed";i:0;s:5:"title";s:0:"";s:11:"orientation";i:0;}}]]></wp:meta_value>
		</wp:postmeta>
	</item>
	<item>
		<title>ref9</title>
		<link>http://rt19-demo5.rtthemes.com/home-page/ref9/</link>
		<pubDate>Mon, 23 Feb 2015 13:00:04 +0000</pubDate>
		<dc:creator><![CDATA[rtthemes]]></dc:creator>
		<guid isPermaLink="false">http://rt19-demo5.rtthemes.com/wp-content/uploads/sites/9/2015/02/ref9.png</guid>
		<description></description>
		<content:encoded><![CDATA[]]></content:encoded>
		<excerpt:encoded><![CDATA[]]></excerpt:encoded>
		<wp:post_id>2661</wp:post_id>
		<wp:post_date>2015-02-23 13:00:04</wp:post_date>
		<wp:post_date_gmt>2015-02-23 13:00:04</wp:post_date_gmt>
		<wp:comment_status>open</wp:comment_status>
		<wp:ping_status>open</wp:ping_status>
		<wp:post_name>ref9</wp:post_name>
		<wp:status>inherit</wp:status>
		<wp:post_parent>2591</wp:post_parent>
		<wp:menu_order>0</wp:menu_order>
		<wp:post_type>attachment</wp:post_type>
		<wp:post_password></wp:post_password>
		<wp:is_sticky>0</wp:is_sticky>
		<wp:attachment_url>http://rt19-demo5.rtthemes.com/wp-content/uploads/sites/9/2015/02/ref9.png</wp:attachment_url>
		<wp:postmeta>
			<wp:meta_key>_wp_attached_file</wp:meta_key>
			<wp:meta_value><![CDATA[2015/02/ref9.png]]></wp:meta_value>
		</wp:postmeta>
		<wp:postmeta>
			<wp:meta_key>_wp_attachment_metadata</wp:meta_key>
			<wp:meta_value><![CDATA[a:5:{s:5:"width";i:250;s:6:"height";i:250;s:4:"file";s:16:"2015/02/ref9.png";s:5:"sizes";a:2:{s:9:"thumbnail";a:4:{s:4:"file";s:16:"ref9-150x150.png";s:5:"width";i:150;s:6:"height";i:150;s:9:"mime-type";s:9:"image/png";}s:14:"shop_thumbnail";a:4:{s:4:"file";s:16:"ref9-180x180.png";s:5:"width";i:180;s:6:"height";i:180;s:9:"mime-type";s:9:"image/png";}}s:10:"image_meta";a:11:{s:8:"aperture";i:0;s:6:"credit";s:0:"";s:6:"camera";s:0:"";s:7:"caption";s:0:"";s:17:"created_timestamp";i:0;s:9:"copyright";s:0:"";s:12:"focal_length";i:0;s:3:"iso";i:0;s:13:"shutter_speed";i:0;s:5:"title";s:0:"";s:11:"orientation";i:0;}}]]></wp:meta_value>
		</wp:postmeta>
	</item>
	<item>
		<title>signature</title>
		<link>http://rt19-demo5.rtthemes.com/testimonials/signature-2/</link>
		<pubDate>Mon, 23 Feb 2015 22:51:26 +0000</pubDate>
		<dc:creator><![CDATA[rtthemes]]></dc:creator>
		<guid isPermaLink="false">http://rt19-demo5.rtthemes.com/wp-content/uploads/sites/9/2015/02/signature1.png</guid>
		<description></description>
		<content:encoded><![CDATA[]]></content:encoded>
		<excerpt:encoded><![CDATA[]]></excerpt:encoded>
		<wp:post_id>2663</wp:post_id>
		<wp:post_date>2015-02-23 22:51:26</wp:post_date>
		<wp:post_date_gmt>2015-02-23 22:51:26</wp:post_date_gmt>
		<wp:comment_status>open</wp:comment_status>
		<wp:ping_status>open</wp:ping_status>
		<wp:post_name>signature-2</wp:post_name>
		<wp:status>inherit</wp:status>
		<wp:post_parent>2566</wp:post_parent>
		<wp:menu_order>0</wp:menu_order>
		<wp:post_type>attachment</wp:post_type>
		<wp:post_password></wp:post_password>
		<wp:is_sticky>0</wp:is_sticky>
		<wp:attachment_url>http://rt19-demo5.rtthemes.com/wp-content/uploads/sites/9/2015/02/signature1.png</wp:attachment_url>
		<wp:postmeta>
			<wp:meta_key>_wp_attached_file</wp:meta_key>
			<wp:meta_value><![CDATA[2015/02/signature1.png]]></wp:meta_value>
		</wp:postmeta>
		<wp:postmeta>
			<wp:meta_key>_wp_attachment_metadata</wp:meta_key>
			<wp:meta_value><![CDATA[a:5:{s:5:"width";i:78;s:6:"height";i:46;s:4:"file";s:22:"2015/02/signature1.png";s:5:"sizes";a:0:{}s:10:"image_meta";a:11:{s:8:"aperture";i:0;s:6:"credit";s:0:"";s:6:"camera";s:0:"";s:7:"caption";s:0:"";s:17:"created_timestamp";i:0;s:9:"copyright";s:0:"";s:12:"focal_length";i:0;s:3:"iso";i:0;s:13:"shutter_speed";i:0;s:5:"title";s:0:"";s:11:"orientation";i:0;}}]]></wp:meta_value>
		</wp:postmeta>
	</item>
	<item>
		<title></title>
		<link>http://rt19-demo5.rtthemes.com/2015/02/26/2644/</link>
		<pubDate>Thu, 26 Feb 2015 02:21:17 +0000</pubDate>
		<dc:creator><![CDATA[rtthemes]]></dc:creator>
		<guid isPermaLink="false">http://rt19-demo5.rtthemes.com/2015/02/26/2644/</guid>
		<description></description>
		<content:encoded><![CDATA[ ]]></content:encoded>
		<excerpt:encoded><![CDATA[]]></excerpt:encoded>
		<wp:post_id>2644</wp:post_id>
		<wp:post_date>2015-02-26 02:21:17</wp:post_date>
		<wp:post_date_gmt>2015-02-26 02:21:17</wp:post_date_gmt>
		<wp:comment_status>open</wp:comment_status>
		<wp:ping_status>open</wp:ping_status>
		<wp:post_name>2644</wp:post_name>
		<wp:status>publish</wp:status>
		<wp:post_parent>0</wp:post_parent>
		<wp:menu_order>6</wp:menu_order>
		<wp:post_type>nav_menu_item</wp:post_type>
		<wp:post_password></wp:post_password>
		<wp:is_sticky>0</wp:is_sticky>
		<category domain="nav_menu" nicename="main-navigation"><![CDATA[Main Navigation]]></category>
		<wp:postmeta>
			<wp:meta_key>_menu_item_type</wp:meta_key>
			<wp:meta_value><![CDATA[taxonomy]]></wp:meta_value>
		</wp:postmeta>
		<wp:postmeta>
			<wp:meta_key>_menu_item_menu_item_parent</wp:meta_key>
			<wp:meta_value><![CDATA[2668]]></wp:meta_value>
		</wp:postmeta>
		<wp:postmeta>
			<wp:meta_key>_menu_item_object_id</wp:meta_key>
			<wp:meta_value><![CDATA[10]]></wp:meta_value>
		</wp:postmeta>
		<wp:postmeta>
			<wp:meta_key>_menu_item_object</wp:meta_key>
			<wp:meta_value><![CDATA[product_categories]]></wp:meta_value>
		</wp:postmeta>
		<wp:postmeta>
			<wp:meta_key>_menu_item_target</wp:meta_key>
			<wp:meta_value><![CDATA[]]></wp:meta_value>
		</wp:postmeta>
		<wp:postmeta>
			<wp:meta_key>_menu_item_classes</wp:meta_key>
			<wp:meta_value><![CDATA[a:1:{i:0;s:0:"";}]]></wp:meta_value>
		</wp:postmeta>
		<wp:postmeta>
			<wp:meta_key>_menu_item_xfn</wp:meta_key>
			<wp:meta_value><![CDATA[]]></wp:meta_value>
		</wp:postmeta>
		<wp:postmeta>
			<wp:meta_key>_menu_item_url</wp:meta_key>
			<wp:meta_value><![CDATA[]]></wp:meta_value>
		</wp:postmeta>
		<wp:postmeta>
			<wp:meta_key>_vc_post_settings</wp:meta_key>
			<wp:meta_value><![CDATA[a:1:{s:7:"vc_grid";a:0:{}}]]></wp:meta_value>
		</wp:postmeta>
	</item>
	<item>
		<title></title>
		<link>http://rt19-demo5.rtthemes.com/2015/02/26/2645/</link>
		<pubDate>Thu, 26 Feb 2015 02:21:17 +0000</pubDate>
		<dc:creator><![CDATA[rtthemes]]></dc:creator>
		<guid isPermaLink="false">http://rt19-demo5.rtthemes.com/2015/02/26/2645/</guid>
		<description></description>
		<content:encoded><![CDATA[ ]]></content:encoded>
		<excerpt:encoded><![CDATA[]]></excerpt:encoded>
		<wp:post_id>2645</wp:post_id>
		<wp:post_date>2015-02-26 02:21:17</wp:post_date>
		<wp:post_date_gmt>2015-02-26 02:21:17</wp:post_date_gmt>
		<wp:comment_status>open</wp:comment_status>
		<wp:ping_status>open</wp:ping_status>
		<wp:post_name>2645</wp:post_name>
		<wp:status>publish</wp:status>
		<wp:post_parent>10</wp:post_parent>
		<wp:menu_order>7</wp:menu_order>
		<wp:post_type>nav_menu_item</wp:post_type>
		<wp:post_password></wp:post_password>
		<wp:is_sticky>0</wp:is_sticky>
		<category domain="nav_menu" nicename="main-navigation"><![CDATA[Main Navigation]]></category>
		<wp:postmeta>
			<wp:meta_key>_menu_item_type</wp:meta_key>
			<wp:meta_value><![CDATA[taxonomy]]></wp:meta_value>
		</wp:postmeta>
		<wp:postmeta>
			<wp:meta_key>_menu_item_menu_item_parent</wp:meta_key>
			<wp:meta_value><![CDATA[2644]]></wp:meta_value>
		</wp:postmeta>
		<wp:postmeta>
			<wp:meta_key>_menu_item_object_id</wp:meta_key>
			<wp:meta_value><![CDATA[16]]></wp:meta_value>
		</wp:postmeta>
		<wp:postmeta>
			<wp:meta_key>_menu_item_object</wp:meta_key>
			<wp:meta_value><![CDATA[product_categories]]></wp:meta_value>
		</wp:postmeta>
		<wp:postmeta>
			<wp:meta_key>_menu_item_target</wp:meta_key>
			<wp:meta_value><![CDATA[]]></wp:meta_value>
		</wp:postmeta>
		<wp:postmeta>
			<wp:meta_key>_menu_item_classes</wp:meta_key>
			<wp:meta_value><![CDATA[a:1:{i:0;s:0:"";}]]></wp:meta_value>
		</wp:postmeta>
		<wp:postmeta>
			<wp:meta_key>_menu_item_xfn</wp:meta_key>
			<wp:meta_value><![CDATA[]]></wp:meta_value>
		</wp:postmeta>
		<wp:postmeta>
			<wp:meta_key>_menu_item_url</wp:meta_key>
			<wp:meta_value><![CDATA[]]></wp:meta_value>
		</wp:postmeta>
		<wp:postmeta>
			<wp:meta_key>_vc_post_settings</wp:meta_key>
			<wp:meta_value><![CDATA[a:1:{s:7:"vc_grid";a:0:{}}]]></wp:meta_value>
		</wp:postmeta>
	</item>
	<item>
		<title></title>
		<link>http://rt19-demo5.rtthemes.com/2015/02/26/2646/</link>
		<pubDate>Thu, 26 Feb 2015 02:21:18 +0000</pubDate>
		<dc:creator><![CDATA[rtthemes]]></dc:creator>
		<guid isPermaLink="false">http://rt19-demo5.rtthemes.com/2015/02/26/2646/</guid>
		<description></description>
		<content:encoded><![CDATA[ ]]></content:encoded>
		<excerpt:encoded><![CDATA[]]></excerpt:encoded>
		<wp:post_id>2646</wp:post_id>
		<wp:post_date>2015-02-26 02:21:18</wp:post_date>
		<wp:post_date_gmt>2015-02-26 02:21:18</wp:post_date_gmt>
		<wp:comment_status>open</wp:comment_status>
		<wp:ping_status>open</wp:ping_status>
		<wp:post_name>2646</wp:post_name>
		<wp:status>publish</wp:status>
		<wp:post_parent>10</wp:post_parent>
		<wp:menu_order>8</wp:menu_order>
		<wp:post_type>nav_menu_item</wp:post_type>
		<wp:post_password></wp:post_password>
		<wp:is_sticky>0</wp:is_sticky>
		<category domain="nav_menu" nicename="main-navigation"><![CDATA[Main Navigation]]></category>
		<wp:postmeta>
			<wp:meta_key>_menu_item_type</wp:meta_key>
			<wp:meta_value><![CDATA[taxonomy]]></wp:meta_value>
		</wp:postmeta>
		<wp:postmeta>
			<wp:meta_key>_menu_item_menu_item_parent</wp:meta_key>
			<wp:meta_value><![CDATA[2644]]></wp:meta_value>
		</wp:postmeta>
		<wp:postmeta>
			<wp:meta_key>_menu_item_object_id</wp:meta_key>
			<wp:meta_value><![CDATA[17]]></wp:meta_value>
		</wp:postmeta>
		<wp:postmeta>
			<wp:meta_key>_menu_item_object</wp:meta_key>
			<wp:meta_value><![CDATA[product_categories]]></wp:meta_value>
		</wp:postmeta>
		<wp:postmeta>
			<wp:meta_key>_menu_item_target</wp:meta_key>
			<wp:meta_value><![CDATA[]]></wp:meta_value>
		</wp:postmeta>
		<wp:postmeta>
			<wp:meta_key>_menu_item_classes</wp:meta_key>
			<wp:meta_value><![CDATA[a:1:{i:0;s:0:"";}]]></wp:meta_value>
		</wp:postmeta>
		<wp:postmeta>
			<wp:meta_key>_menu_item_xfn</wp:meta_key>
			<wp:meta_value><![CDATA[]]></wp:meta_value>
		</wp:postmeta>
		<wp:postmeta>
			<wp:meta_key>_menu_item_url</wp:meta_key>
			<wp:meta_value><![CDATA[]]></wp:meta_value>
		</wp:postmeta>
		<wp:postmeta>
			<wp:meta_key>_vc_post_settings</wp:meta_key>
			<wp:meta_value><![CDATA[a:1:{s:7:"vc_grid";a:0:{}}]]></wp:meta_value>
		</wp:postmeta>
	</item>
	<item>
		<title></title>
		<link>http://rt19-demo5.rtthemes.com/2015/02/26/2647/</link>
		<pubDate>Thu, 26 Feb 2015 02:21:18 +0000</pubDate>
		<dc:creator><![CDATA[rtthemes]]></dc:creator>
		<guid isPermaLink="false">http://rt19-demo5.rtthemes.com/2015/02/26/2647/</guid>
		<description></description>
		<content:encoded><![CDATA[ ]]></content:encoded>
		<excerpt:encoded><![CDATA[]]></excerpt:encoded>
		<wp:post_id>2647</wp:post_id>
		<wp:post_date>2015-02-26 02:21:18</wp:post_date>
		<wp:post_date_gmt>2015-02-26 02:21:18</wp:post_date_gmt>
		<wp:comment_status>open</wp:comment_status>
		<wp:ping_status>open</wp:ping_status>
		<wp:post_name>2647</wp:post_name>
		<wp:status>publish</wp:status>
		<wp:post_parent>0</wp:post_parent>
		<wp:menu_order>10</wp:menu_order>
		<wp:post_type>nav_menu_item</wp:post_type>
		<wp:post_password></wp:post_password>
		<wp:is_sticky>0</wp:is_sticky>
		<category domain="nav_menu" nicename="main-navigation"><![CDATA[Main Navigation]]></category>
		<wp:postmeta>
			<wp:meta_key>_menu_item_type</wp:meta_key>
			<wp:meta_value><![CDATA[taxonomy]]></wp:meta_value>
		</wp:postmeta>
		<wp:postmeta>
			<wp:meta_key>_menu_item_menu_item_parent</wp:meta_key>
			<wp:meta_value><![CDATA[2668]]></wp:meta_value>
		</wp:postmeta>
		<wp:postmeta>
			<wp:meta_key>_menu_item_object_id</wp:meta_key>
			<wp:meta_value><![CDATA[12]]></wp:meta_value>
		</wp:postmeta>
		<wp:postmeta>
			<wp:meta_key>_menu_item_object</wp:meta_key>
			<wp:meta_value><![CDATA[product_categories]]></wp:meta_value>
		</wp:postmeta>
		<wp:postmeta>
			<wp:meta_key>_menu_item_target</wp:meta_key>
			<wp:meta_value><![CDATA[]]></wp:meta_value>
		</wp:postmeta>
		<wp:postmeta>
			<wp:meta_key>_menu_item_classes</wp:meta_key>
			<wp:meta_value><![CDATA[a:1:{i:0;s:0:"";}]]></wp:meta_value>
		</wp:postmeta>
		<wp:postmeta>
			<wp:meta_key>_menu_item_xfn</wp:meta_key>
			<wp:meta_value><![CDATA[]]></wp:meta_value>
		</wp:postmeta>
		<wp:postmeta>
			<wp:meta_key>_menu_item_url</wp:meta_key>
			<wp:meta_value><![CDATA[]]></wp:meta_value>
		</wp:postmeta>
		<wp:postmeta>
			<wp:meta_key>_vc_post_settings</wp:meta_key>
			<wp:meta_value><![CDATA[a:1:{s:7:"vc_grid";a:0:{}}]]></wp:meta_value>
		</wp:postmeta>
	</item>
	<item>
		<title></title>
		<link>http://rt19-demo5.rtthemes.com/2015/02/26/2648/</link>
		<pubDate>Thu, 26 Feb 2015 02:21:18 +0000</pubDate>
		<dc:creator><![CDATA[rtthemes]]></dc:creator>
		<guid isPermaLink="false">http://rt19-demo5.rtthemes.com/2015/02/26/2648/</guid>
		<description></description>
		<content:encoded><![CDATA[ ]]></content:encoded>
		<excerpt:encoded><![CDATA[]]></excerpt:encoded>
		<wp:post_id>2648</wp:post_id>
		<wp:post_date>2015-02-26 02:21:18</wp:post_date>
		<wp:post_date_gmt>2015-02-26 02:21:18</wp:post_date_gmt>
		<wp:comment_status>open</wp:comment_status>
		<wp:ping_status>open</wp:ping_status>
		<wp:post_name>2648</wp:post_name>
		<wp:status>publish</wp:status>
		<wp:post_parent>0</wp:post_parent>
		<wp:menu_order>9</wp:menu_order>
		<wp:post_type>nav_menu_item</wp:post_type>
		<wp:post_password></wp:post_password>
		<wp:is_sticky>0</wp:is_sticky>
		<category domain="nav_menu" nicename="main-navigation"><![CDATA[Main Navigation]]></category>
		<wp:postmeta>
			<wp:meta_key>_menu_item_type</wp:meta_key>
			<wp:meta_value><![CDATA[taxonomy]]></wp:meta_value>
		</wp:postmeta>
		<wp:postmeta>
			<wp:meta_key>_menu_item_menu_item_parent</wp:meta_key>
			<wp:meta_value><![CDATA[2668]]></wp:meta_value>
		</wp:postmeta>
		<wp:postmeta>
			<wp:meta_key>_menu_item_object_id</wp:meta_key>
			<wp:meta_value><![CDATA[11]]></wp:meta_value>
		</wp:postmeta>
		<wp:postmeta>
			<wp:meta_key>_menu_item_object</wp:meta_key>
			<wp:meta_value><![CDATA[product_categories]]></wp:meta_value>
		</wp:postmeta>
		<wp:postmeta>
			<wp:meta_key>_menu_item_target</wp:meta_key>
			<wp:meta_value><![CDATA[]]></wp:meta_value>
		</wp:postmeta>
		<wp:postmeta>
			<wp:meta_key>_menu_item_classes</wp:meta_key>
			<wp:meta_value><![CDATA[a:1:{i:0;s:0:"";}]]></wp:meta_value>
		</wp:postmeta>
		<wp:postmeta>
			<wp:meta_key>_menu_item_xfn</wp:meta_key>
			<wp:meta_value><![CDATA[]]></wp:meta_value>
		</wp:postmeta>
		<wp:postmeta>
			<wp:meta_key>_menu_item_url</wp:meta_key>
			<wp:meta_value><![CDATA[]]></wp:meta_value>
		</wp:postmeta>
		<wp:postmeta>
			<wp:meta_key>_vc_post_settings</wp:meta_key>
			<wp:meta_value><![CDATA[a:1:{s:7:"vc_grid";a:0:{}}]]></wp:meta_value>
		</wp:postmeta>
	</item>
	<item>
		<title></title>
		<link>http://rt19-demo5.rtthemes.com/2015/02/26/2649/</link>
		<pubDate>Thu, 26 Feb 2015 02:21:18 +0000</pubDate>
		<dc:creator><![CDATA[rtthemes]]></dc:creator>
		<guid isPermaLink="false">http://rt19-demo5.rtthemes.com/2015/02/26/2649/</guid>
		<description></description>
		<content:encoded><![CDATA[ ]]></content:encoded>
		<excerpt:encoded><![CDATA[]]></excerpt:encoded>
		<wp:post_id>2649</wp:post_id>
		<wp:post_date>2015-02-26 02:21:18</wp:post_date>
		<wp:post_date_gmt>2015-02-26 02:21:18</wp:post_date_gmt>
		<wp:comment_status>open</wp:comment_status>
		<wp:ping_status>open</wp:ping_status>
		<wp:post_name>2649</wp:post_name>
		<wp:status>publish</wp:status>
		<wp:post_parent>0</wp:post_parent>
		<wp:menu_order>18</wp:menu_order>
		<wp:post_type>nav_menu_item</wp:post_type>
		<wp:post_password></wp:post_password>
		<wp:is_sticky>0</wp:is_sticky>
		<category domain="nav_menu" nicename="main-navigation"><![CDATA[Main Navigation]]></category>
		<wp:postmeta>
			<wp:meta_key>_menu_item_type</wp:meta_key>
			<wp:meta_value><![CDATA[taxonomy]]></wp:meta_value>
		</wp:postmeta>
		<wp:postmeta>
			<wp:meta_key>_menu_item_menu_item_parent</wp:meta_key>
			<wp:meta_value><![CDATA[2666]]></wp:meta_value>
		</wp:postmeta>
		<wp:postmeta>
			<wp:meta_key>_menu_item_object_id</wp:meta_key>
			<wp:meta_value><![CDATA[13]]></wp:meta_value>
		</wp:postmeta>
		<wp:postmeta>
			<wp:meta_key>_menu_item_object</wp:meta_key>
			<wp:meta_value><![CDATA[portfolio_categories]]></wp:meta_value>
		</wp:postmeta>
		<wp:postmeta>
			<wp:meta_key>_menu_item_target</wp:meta_key>
			<wp:meta_value><![CDATA[]]></wp:meta_value>
		</wp:postmeta>
		<wp:postmeta>
			<wp:meta_key>_menu_item_classes</wp:meta_key>
			<wp:meta_value><![CDATA[a:1:{i:0;s:0:"";}]]></wp:meta_value>
		</wp:postmeta>
		<wp:postmeta>
			<wp:meta_key>_menu_item_xfn</wp:meta_key>
			<wp:meta_value><![CDATA[]]></wp:meta_value>
		</wp:postmeta>
		<wp:postmeta>
			<wp:meta_key>_menu_item_url</wp:meta_key>
			<wp:meta_value><![CDATA[]]></wp:meta_value>
		</wp:postmeta>
		<wp:postmeta>
			<wp:meta_key>_vc_post_settings</wp:meta_key>
			<wp:meta_value><![CDATA[a:1:{s:7:"vc_grid";a:0:{}}]]></wp:meta_value>
		</wp:postmeta>
	</item>
	<item>
		<title></title>
		<link>http://rt19-demo5.rtthemes.com/2015/02/26/2650/</link>
		<pubDate>Thu, 26 Feb 2015 02:21:18 +0000</pubDate>
		<dc:creator><![CDATA[rtthemes]]></dc:creator>
		<guid isPermaLink="false">http://rt19-demo5.rtthemes.com/2015/02/26/2650/</guid>
		<description></description>
		<content:encoded><![CDATA[ ]]></content:encoded>
		<excerpt:encoded><![CDATA[]]></excerpt:encoded>
		<wp:post_id>2650</wp:post_id>
		<wp:post_date>2015-02-26 02:21:18</wp:post_date>
		<wp:post_date_gmt>2015-02-26 02:21:18</wp:post_date_gmt>
		<wp:comment_status>open</wp:comment_status>
		<wp:ping_status>open</wp:ping_status>
		<wp:post_name>2650</wp:post_name>
		<wp:status>publish</wp:status>
		<wp:post_parent>0</wp:post_parent>
		<wp:menu_order>19</wp:menu_order>
		<wp:post_type>nav_menu_item</wp:post_type>
		<wp:post_password></wp:post_password>
		<wp:is_sticky>0</wp:is_sticky>
		<category domain="nav_menu" nicename="main-navigation"><![CDATA[Main Navigation]]></category>
		<wp:postmeta>
			<wp:meta_key>_menu_item_type</wp:meta_key>
			<wp:meta_value><![CDATA[taxonomy]]></wp:meta_value>
		</wp:postmeta>
		<wp:postmeta>
			<wp:meta_key>_menu_item_menu_item_parent</wp:meta_key>
			<wp:meta_value><![CDATA[2666]]></wp:meta_value>
		</wp:postmeta>
		<wp:postmeta>
			<wp:meta_key>_menu_item_object_id</wp:meta_key>
			<wp:meta_value><![CDATA[14]]></wp:meta_value>
		</wp:postmeta>
		<wp:postmeta>
			<wp:meta_key>_menu_item_object</wp:meta_key>
			<wp:meta_value><![CDATA[portfolio_categories]]></wp:meta_value>
		</wp:postmeta>
		<wp:postmeta>
			<wp:meta_key>_menu_item_target</wp:meta_key>
			<wp:meta_value><![CDATA[]]></wp:meta_value>
		</wp:postmeta>
		<wp:postmeta>
			<wp:meta_key>_menu_item_classes</wp:meta_key>
			<wp:meta_value><![CDATA[a:1:{i:0;s:0:"";}]]></wp:meta_value>
		</wp:postmeta>
		<wp:postmeta>
			<wp:meta_key>_menu_item_xfn</wp:meta_key>
			<wp:meta_value><![CDATA[]]></wp:meta_value>
		</wp:postmeta>
		<wp:postmeta>
			<wp:meta_key>_menu_item_url</wp:meta_key>
			<wp:meta_value><![CDATA[]]></wp:meta_value>
		</wp:postmeta>
		<wp:postmeta>
			<wp:meta_key>_vc_post_settings</wp:meta_key>
			<wp:meta_value><![CDATA[a:1:{s:7:"vc_grid";a:0:{}}]]></wp:meta_value>
		</wp:postmeta>
	</item>
	<item>
		<title></title>
		<link>http://rt19-demo5.rtthemes.com/2015/02/26/2651/</link>
		<pubDate>Thu, 26 Feb 2015 02:21:18 +0000</pubDate>
		<dc:creator><![CDATA[rtthemes]]></dc:creator>
		<guid isPermaLink="false">http://rt19-demo5.rtthemes.com/2015/02/26/2651/</guid>
		<description></description>
		<content:encoded><![CDATA[ ]]></content:encoded>
		<excerpt:encoded><![CDATA[]]></excerpt:encoded>
		<wp:post_id>2651</wp:post_id>
		<wp:post_date>2015-02-26 02:21:18</wp:post_date>
		<wp:post_date_gmt>2015-02-26 02:21:18</wp:post_date_gmt>
		<wp:comment_status>open</wp:comment_status>
		<wp:ping_status>open</wp:ping_status>
		<wp:post_name>2651</wp:post_name>
		<wp:status>publish</wp:status>
		<wp:post_parent>0</wp:post_parent>
		<wp:menu_order>20</wp:menu_order>
		<wp:post_type>nav_menu_item</wp:post_type>
		<wp:post_password></wp:post_password>
		<wp:is_sticky>0</wp:is_sticky>
		<category domain="nav_menu" nicename="main-navigation"><![CDATA[Main Navigation]]></category>
		<wp:postmeta>
			<wp:meta_key>_menu_item_type</wp:meta_key>
			<wp:meta_value><![CDATA[taxonomy]]></wp:meta_value>
		</wp:postmeta>
		<wp:postmeta>
			<wp:meta_key>_menu_item_menu_item_parent</wp:meta_key>
			<wp:meta_value><![CDATA[2666]]></wp:meta_value>
		</wp:postmeta>
		<wp:postmeta>
			<wp:meta_key>_menu_item_object_id</wp:meta_key>
			<wp:meta_value><![CDATA[15]]></wp:meta_value>
		</wp:postmeta>
		<wp:postmeta>
			<wp:meta_key>_menu_item_object</wp:meta_key>
			<wp:meta_value><![CDATA[portfolio_categories]]></wp:meta_value>
		</wp:postmeta>
		<wp:postmeta>
			<wp:meta_key>_menu_item_target</wp:meta_key>
			<wp:meta_value><![CDATA[]]></wp:meta_value>
		</wp:postmeta>
		<wp:postmeta>
			<wp:meta_key>_menu_item_classes</wp:meta_key>
			<wp:meta_value><![CDATA[a:1:{i:0;s:0:"";}]]></wp:meta_value>
		</wp:postmeta>
		<wp:postmeta>
			<wp:meta_key>_menu_item_xfn</wp:meta_key>
			<wp:meta_value><![CDATA[]]></wp:meta_value>
		</wp:postmeta>
		<wp:postmeta>
			<wp:meta_key>_menu_item_url</wp:meta_key>
			<wp:meta_value><![CDATA[]]></wp:meta_value>
		</wp:postmeta>
		<wp:postmeta>
			<wp:meta_key>_vc_post_settings</wp:meta_key>
			<wp:meta_value><![CDATA[a:1:{s:7:"vc_grid";a:0:{}}]]></wp:meta_value>
		</wp:postmeta>
	</item>
	<item>
		<title></title>
		<link>http://rt19-demo5.rtthemes.com/2015/02/26/2652/</link>
		<pubDate>Thu, 26 Feb 2015 02:21:18 +0000</pubDate>
		<dc:creator><![CDATA[rtthemes]]></dc:creator>
		<guid isPermaLink="false">http://rt19-demo5.rtthemes.com/2015/02/26/2652/</guid>
		<description></description>
		<content:encoded><![CDATA[ ]]></content:encoded>
		<excerpt:encoded><![CDATA[]]></excerpt:encoded>
		<wp:post_id>2652</wp:post_id>
		<wp:post_date>2015-02-26 02:21:18</wp:post_date>
		<wp:post_date_gmt>2015-02-26 02:21:18</wp:post_date_gmt>
		<wp:comment_status>open</wp:comment_status>
		<wp:ping_status>open</wp:ping_status>
		<wp:post_name>2652</wp:post_name>
		<wp:status>publish</wp:status>
		<wp:post_parent>0</wp:post_parent>
		<wp:menu_order>21</wp:menu_order>
		<wp:post_type>nav_menu_item</wp:post_type>
		<wp:post_password></wp:post_password>
		<wp:is_sticky>0</wp:is_sticky>
		<category domain="nav_menu" nicename="main-navigation"><![CDATA[Main Navigation]]></category>
		<wp:postmeta>
			<wp:meta_key>_menu_item_type</wp:meta_key>
			<wp:meta_value><![CDATA[taxonomy]]></wp:meta_value>
		</wp:postmeta>
		<wp:postmeta>
			<wp:meta_key>_menu_item_menu_item_parent</wp:meta_key>
			<wp:meta_value><![CDATA[2666]]></wp:meta_value>
		</wp:postmeta>
		<wp:postmeta>
			<wp:meta_key>_menu_item_object_id</wp:meta_key>
			<wp:meta_value><![CDATA[18]]></wp:meta_value>
		</wp:postmeta>
		<wp:postmeta>
			<wp:meta_key>_menu_item_object</wp:meta_key>
			<wp:meta_value><![CDATA[portfolio_categories]]></wp:meta_value>
		</wp:postmeta>
		<wp:postmeta>
			<wp:meta_key>_menu_item_target</wp:meta_key>
			<wp:meta_value><![CDATA[]]></wp:meta_value>
		</wp:postmeta>
		<wp:postmeta>
			<wp:meta_key>_menu_item_classes</wp:meta_key>
			<wp:meta_value><![CDATA[a:1:{i:0;s:0:"";}]]></wp:meta_value>
		</wp:postmeta>
		<wp:postmeta>
			<wp:meta_key>_menu_item_xfn</wp:meta_key>
			<wp:meta_value><![CDATA[]]></wp:meta_value>
		</wp:postmeta>
		<wp:postmeta>
			<wp:meta_key>_menu_item_url</wp:meta_key>
			<wp:meta_value><![CDATA[]]></wp:meta_value>
		</wp:postmeta>
		<wp:postmeta>
			<wp:meta_key>_vc_post_settings</wp:meta_key>
			<wp:meta_value><![CDATA[a:1:{s:7:"vc_grid";a:0:{}}]]></wp:meta_value>
		</wp:postmeta>
	</item>
	<item>
		<title></title>
		<link>http://rt19-demo5.rtthemes.com/2015/02/26/2653/</link>
		<pubDate>Thu, 26 Feb 2015 02:21:18 +0000</pubDate>
		<dc:creator><![CDATA[rtthemes]]></dc:creator>
		<guid isPermaLink="false">http://rt19-demo5.rtthemes.com/2015/02/26/2653/</guid>
		<description></description>
		<content:encoded><![CDATA[ ]]></content:encoded>
		<excerpt:encoded><![CDATA[]]></excerpt:encoded>
		<wp:post_id>2653</wp:post_id>
		<wp:post_date>2015-02-26 02:21:18</wp:post_date>
		<wp:post_date_gmt>2015-02-26 02:21:18</wp:post_date_gmt>
		<wp:comment_status>open</wp:comment_status>
		<wp:ping_status>open</wp:ping_status>
		<wp:post_name>2653</wp:post_name>
		<wp:status>publish</wp:status>
		<wp:post_parent>0</wp:post_parent>
		<wp:menu_order>12</wp:menu_order>
		<wp:post_type>nav_menu_item</wp:post_type>
		<wp:post_password></wp:post_password>
		<wp:is_sticky>0</wp:is_sticky>
		<category domain="nav_menu" nicename="main-navigation"><![CDATA[Main Navigation]]></category>
		<wp:postmeta>
			<wp:meta_key>_menu_item_type</wp:meta_key>
			<wp:meta_value><![CDATA[taxonomy]]></wp:meta_value>
		</wp:postmeta>
		<wp:postmeta>
			<wp:meta_key>_menu_item_menu_item_parent</wp:meta_key>
			<wp:meta_value><![CDATA[2671]]></wp:meta_value>
		</wp:postmeta>
		<wp:postmeta>
			<wp:meta_key>_menu_item_object_id</wp:meta_key>
			<wp:meta_value><![CDATA[19]]></wp:meta_value>
		</wp:postmeta>
		<wp:postmeta>
			<wp:meta_key>_menu_item_object</wp:meta_key>
			<wp:meta_value><![CDATA[product_cat]]></wp:meta_value>
		</wp:postmeta>
		<wp:postmeta>
			<wp:meta_key>_menu_item_target</wp:meta_key>
			<wp:meta_value><![CDATA[]]></wp:meta_value>
		</wp:postmeta>
		<wp:postmeta>
			<wp:meta_key>_menu_item_classes</wp:meta_key>
			<wp:meta_value><![CDATA[a:1:{i:0;s:0:"";}]]></wp:meta_value>
		</wp:postmeta>
		<wp:postmeta>
			<wp:meta_key>_menu_item_xfn</wp:meta_key>
			<wp:meta_value><![CDATA[]]></wp:meta_value>
		</wp:postmeta>
		<wp:postmeta>
			<wp:meta_key>_menu_item_url</wp:meta_key>
			<wp:meta_value><![CDATA[]]></wp:meta_value>
		</wp:postmeta>
		<wp:postmeta>
			<wp:meta_key>_vc_post_settings</wp:meta_key>
			<wp:meta_value><![CDATA[a:1:{s:7:"vc_grid";a:0:{}}]]></wp:meta_value>
		</wp:postmeta>
	</item>
	<item>
		<title></title>
		<link>http://rt19-demo5.rtthemes.com/2015/02/26/2654/</link>
		<pubDate>Thu, 26 Feb 2015 02:21:18 +0000</pubDate>
		<dc:creator><![CDATA[rtthemes]]></dc:creator>
		<guid isPermaLink="false">http://rt19-demo5.rtthemes.com/2015/02/26/2654/</guid>
		<description></description>
		<content:encoded><![CDATA[ ]]></content:encoded>
		<excerpt:encoded><![CDATA[]]></excerpt:encoded>
		<wp:post_id>2654</wp:post_id>
		<wp:post_date>2015-02-26 02:21:18</wp:post_date>
		<wp:post_date_gmt>2015-02-26 02:21:18</wp:post_date_gmt>
		<wp:comment_status>open</wp:comment_status>
		<wp:ping_status>open</wp:ping_status>
		<wp:post_name>2654</wp:post_name>
		<wp:status>publish</wp:status>
		<wp:post_parent>19</wp:post_parent>
		<wp:menu_order>13</wp:menu_order>
		<wp:post_type>nav_menu_item</wp:post_type>
		<wp:post_password></wp:post_password>
		<wp:is_sticky>0</wp:is_sticky>
		<category domain="nav_menu" nicename="main-navigation"><![CDATA[Main Navigation]]></category>
		<wp:postmeta>
			<wp:meta_key>_menu_item_type</wp:meta_key>
			<wp:meta_value><![CDATA[taxonomy]]></wp:meta_value>
		</wp:postmeta>
		<wp:postmeta>
			<wp:meta_key>_menu_item_menu_item_parent</wp:meta_key>
			<wp:meta_value><![CDATA[2653]]></wp:meta_value>
		</wp:postmeta>
		<wp:postmeta>
			<wp:meta_key>_menu_item_object_id</wp:meta_key>
			<wp:meta_value><![CDATA[22]]></wp:meta_value>
		</wp:postmeta>
		<wp:postmeta>
			<wp:meta_key>_menu_item_object</wp:meta_key>
			<wp:meta_value><![CDATA[product_cat]]></wp:meta_value>
		</wp:postmeta>
		<wp:postmeta>
			<wp:meta_key>_menu_item_target</wp:meta_key>
			<wp:meta_value><![CDATA[]]></wp:meta_value>
		</wp:postmeta>
		<wp:postmeta>
			<wp:meta_key>_menu_item_classes</wp:meta_key>
			<wp:meta_value><![CDATA[a:1:{i:0;s:0:"";}]]></wp:meta_value>
		</wp:postmeta>
		<wp:postmeta>
			<wp:meta_key>_menu_item_xfn</wp:meta_key>
			<wp:meta_value><![CDATA[]]></wp:meta_value>
		</wp:postmeta>
		<wp:postmeta>
			<wp:meta_key>_menu_item_url</wp:meta_key>
			<wp:meta_value><![CDATA[]]></wp:meta_value>
		</wp:postmeta>
		<wp:postmeta>
			<wp:meta_key>_vc_post_settings</wp:meta_key>
			<wp:meta_value><![CDATA[a:1:{s:7:"vc_grid";a:0:{}}]]></wp:meta_value>
		</wp:postmeta>
	</item>
	<item>
		<title></title>
		<link>http://rt19-demo5.rtthemes.com/2015/02/26/2655/</link>
		<pubDate>Thu, 26 Feb 2015 02:21:18 +0000</pubDate>
		<dc:creator><![CDATA[rtthemes]]></dc:creator>
		<guid isPermaLink="false">http://rt19-demo5.rtthemes.com/2015/02/26/2655/</guid>
		<description></description>
		<content:encoded><![CDATA[ ]]></content:encoded>
		<excerpt:encoded><![CDATA[]]></excerpt:encoded>
		<wp:post_id>2655</wp:post_id>
		<wp:post_date>2015-02-26 02:21:18</wp:post_date>
		<wp:post_date_gmt>2015-02-26 02:21:18</wp:post_date_gmt>
		<wp:comment_status>open</wp:comment_status>
		<wp:ping_status>open</wp:ping_status>
		<wp:post_name>2655</wp:post_name>
		<wp:status>publish</wp:status>
		<wp:post_parent>19</wp:post_parent>
		<wp:menu_order>14</wp:menu_order>
		<wp:post_type>nav_menu_item</wp:post_type>
		<wp:post_password></wp:post_password>
		<wp:is_sticky>0</wp:is_sticky>
		<category domain="nav_menu" nicename="main-navigation"><![CDATA[Main Navigation]]></category>
		<wp:postmeta>
			<wp:meta_key>_menu_item_type</wp:meta_key>
			<wp:meta_value><![CDATA[taxonomy]]></wp:meta_value>
		</wp:postmeta>
		<wp:postmeta>
			<wp:meta_key>_menu_item_menu_item_parent</wp:meta_key>
			<wp:meta_value><![CDATA[2653]]></wp:meta_value>
		</wp:postmeta>
		<wp:postmeta>
			<wp:meta_key>_menu_item_object_id</wp:meta_key>
			<wp:meta_value><![CDATA[23]]></wp:meta_value>
		</wp:postmeta>
		<wp:postmeta>
			<wp:meta_key>_menu_item_object</wp:meta_key>
			<wp:meta_value><![CDATA[product_cat]]></wp:meta_value>
		</wp:postmeta>
		<wp:postmeta>
			<wp:meta_key>_menu_item_target</wp:meta_key>
			<wp:meta_value><![CDATA[]]></wp:meta_value>
		</wp:postmeta>
		<wp:postmeta>
			<wp:meta_key>_menu_item_classes</wp:meta_key>
			<wp:meta_value><![CDATA[a:1:{i:0;s:0:"";}]]></wp:meta_value>
		</wp:postmeta>
		<wp:postmeta>
			<wp:meta_key>_menu_item_xfn</wp:meta_key>
			<wp:meta_value><![CDATA[]]></wp:meta_value>
		</wp:postmeta>
		<wp:postmeta>
			<wp:meta_key>_menu_item_url</wp:meta_key>
			<wp:meta_value><![CDATA[]]></wp:meta_value>
		</wp:postmeta>
		<wp:postmeta>
			<wp:meta_key>_vc_post_settings</wp:meta_key>
			<wp:meta_value><![CDATA[a:1:{s:7:"vc_grid";a:0:{}}]]></wp:meta_value>
		</wp:postmeta>
	</item>
	<item>
		<title></title>
		<link>http://rt19-demo5.rtthemes.com/2015/02/26/2656/</link>
		<pubDate>Thu, 26 Feb 2015 02:21:18 +0000</pubDate>
		<dc:creator><![CDATA[rtthemes]]></dc:creator>
		<guid isPermaLink="false">http://rt19-demo5.rtthemes.com/2015/02/26/2656/</guid>
		<description></description>
		<content:encoded><![CDATA[ ]]></content:encoded>
		<excerpt:encoded><![CDATA[]]></excerpt:encoded>
		<wp:post_id>2656</wp:post_id>
		<wp:post_date>2015-02-26 02:21:18</wp:post_date>
		<wp:post_date_gmt>2015-02-26 02:21:18</wp:post_date_gmt>
		<wp:comment_status>open</wp:comment_status>
		<wp:ping_status>open</wp:ping_status>
		<wp:post_name>2656</wp:post_name>
		<wp:status>publish</wp:status>
		<wp:post_parent>0</wp:post_parent>
		<wp:menu_order>15</wp:menu_order>
		<wp:post_type>nav_menu_item</wp:post_type>
		<wp:post_password></wp:post_password>
		<wp:is_sticky>0</wp:is_sticky>
		<category domain="nav_menu" nicename="main-navigation"><![CDATA[Main Navigation]]></category>
		<wp:postmeta>
			<wp:meta_key>_menu_item_type</wp:meta_key>
			<wp:meta_value><![CDATA[taxonomy]]></wp:meta_value>
		</wp:postmeta>
		<wp:postmeta>
			<wp:meta_key>_menu_item_menu_item_parent</wp:meta_key>
			<wp:meta_value><![CDATA[2671]]></wp:meta_value>
		</wp:postmeta>
		<wp:postmeta>
			<wp:meta_key>_menu_item_object_id</wp:meta_key>
			<wp:meta_value><![CDATA[20]]></wp:meta_value>
		</wp:postmeta>
		<wp:postmeta>
			<wp:meta_key>_menu_item_object</wp:meta_key>
			<wp:meta_value><![CDATA[product_cat]]></wp:meta_value>
		</wp:postmeta>
		<wp:postmeta>
			<wp:meta_key>_menu_item_target</wp:meta_key>
			<wp:meta_value><![CDATA[]]></wp:meta_value>
		</wp:postmeta>
		<wp:postmeta>
			<wp:meta_key>_menu_item_classes</wp:meta_key>
			<wp:meta_value><![CDATA[a:1:{i:0;s:0:"";}]]></wp:meta_value>
		</wp:postmeta>
		<wp:postmeta>
			<wp:meta_key>_menu_item_xfn</wp:meta_key>
			<wp:meta_value><![CDATA[]]></wp:meta_value>
		</wp:postmeta>
		<wp:postmeta>
			<wp:meta_key>_menu_item_url</wp:meta_key>
			<wp:meta_value><![CDATA[]]></wp:meta_value>
		</wp:postmeta>
		<wp:postmeta>
			<wp:meta_key>_vc_post_settings</wp:meta_key>
			<wp:meta_value><![CDATA[a:1:{s:7:"vc_grid";a:0:{}}]]></wp:meta_value>
		</wp:postmeta>
	</item>
	<item>
		<title></title>
		<link>http://rt19-demo5.rtthemes.com/2015/02/26/2657/</link>
		<pubDate>Thu, 26 Feb 2015 02:21:18 +0000</pubDate>
		<dc:creator><![CDATA[rtthemes]]></dc:creator>
		<guid isPermaLink="false">http://rt19-demo5.rtthemes.com/2015/02/26/2657/</guid>
		<description></description>
		<content:encoded><![CDATA[ ]]></content:encoded>
		<excerpt:encoded><![CDATA[]]></excerpt:encoded>
		<wp:post_id>2657</wp:post_id>
		<wp:post_date>2015-02-26 02:21:18</wp:post_date>
		<wp:post_date_gmt>2015-02-26 02:21:18</wp:post_date_gmt>
		<wp:comment_status>open</wp:comment_status>
		<wp:ping_status>open</wp:ping_status>
		<wp:post_name>2657</wp:post_name>
		<wp:status>publish</wp:status>
		<wp:post_parent>0</wp:post_parent>
		<wp:menu_order>16</wp:menu_order>
		<wp:post_type>nav_menu_item</wp:post_type>
		<wp:post_password></wp:post_password>
		<wp:is_sticky>0</wp:is_sticky>
		<category domain="nav_menu" nicename="main-navigation"><![CDATA[Main Navigation]]></category>
		<wp:postmeta>
			<wp:meta_key>_menu_item_type</wp:meta_key>
			<wp:meta_value><![CDATA[taxonomy]]></wp:meta_value>
		</wp:postmeta>
		<wp:postmeta>
			<wp:meta_key>_menu_item_menu_item_parent</wp:meta_key>
			<wp:meta_value><![CDATA[2671]]></wp:meta_value>
		</wp:postmeta>
		<wp:postmeta>
			<wp:meta_key>_menu_item_object_id</wp:meta_key>
			<wp:meta_value><![CDATA[21]]></wp:meta_value>
		</wp:postmeta>
		<wp:postmeta>
			<wp:meta_key>_menu_item_object</wp:meta_key>
			<wp:meta_value><![CDATA[product_cat]]></wp:meta_value>
		</wp:postmeta>
		<wp:postmeta>
			<wp:meta_key>_menu_item_target</wp:meta_key>
			<wp:meta_value><![CDATA[]]></wp:meta_value>
		</wp:postmeta>
		<wp:postmeta>
			<wp:meta_key>_menu_item_classes</wp:meta_key>
			<wp:meta_value><![CDATA[a:1:{i:0;s:0:"";}]]></wp:meta_value>
		</wp:postmeta>
		<wp:postmeta>
			<wp:meta_key>_menu_item_xfn</wp:meta_key>
			<wp:meta_value><![CDATA[]]></wp:meta_value>
		</wp:postmeta>
		<wp:postmeta>
			<wp:meta_key>_menu_item_url</wp:meta_key>
			<wp:meta_value><![CDATA[]]></wp:meta_value>
		</wp:postmeta>
		<wp:postmeta>
			<wp:meta_key>_vc_post_settings</wp:meta_key>
			<wp:meta_value><![CDATA[a:1:{s:7:"vc_grid";a:0:{}}]]></wp:meta_value>
		</wp:postmeta>
	</item>
	<item>
		<title>Terms of Use</title>
		<link>http://rt19-demo5.rtthemes.com/2015/02/26/terms-of-use/</link>
		<pubDate>Thu, 26 Feb 2015 02:21:18 +0000</pubDate>
		<dc:creator><![CDATA[rtthemes]]></dc:creator>
		<guid isPermaLink="false">http://rt19-demo5.rtthemes.com/2015/02/26/terms-of-use/</guid>
		<description></description>
		<content:encoded><![CDATA[]]></content:encoded>
		<excerpt:encoded><![CDATA[]]></excerpt:encoded>
		<wp:post_id>2658</wp:post_id>
		<wp:post_date>2015-02-26 02:21:18</wp:post_date>
		<wp:post_date_gmt>2015-02-26 02:21:18</wp:post_date_gmt>
		<wp:comment_status>open</wp:comment_status>
		<wp:ping_status>open</wp:ping_status>
		<wp:post_name>terms-of-use</wp:post_name>
		<wp:status>publish</wp:status>
		<wp:post_parent>0</wp:post_parent>
		<wp:menu_order>1</wp:menu_order>
		<wp:post_type>nav_menu_item</wp:post_type>
		<wp:post_password></wp:post_password>
		<wp:is_sticky>0</wp:is_sticky>
		<category domain="nav_menu" nicename="footer-navigation"><![CDATA[Footer Navigation]]></category>
		<wp:postmeta>
			<wp:meta_key>_menu_item_type</wp:meta_key>
			<wp:meta_value><![CDATA[custom]]></wp:meta_value>
		</wp:postmeta>
		<wp:postmeta>
			<wp:meta_key>_menu_item_menu_item_parent</wp:meta_key>
			<wp:meta_value><![CDATA[0]]></wp:meta_value>
		</wp:postmeta>
		<wp:postmeta>
			<wp:meta_key>_menu_item_object_id</wp:meta_key>
			<wp:meta_value><![CDATA[2658]]></wp:meta_value>
		</wp:postmeta>
		<wp:postmeta>
			<wp:meta_key>_menu_item_object</wp:meta_key>
			<wp:meta_value><![CDATA[custom]]></wp:meta_value>
		</wp:postmeta>
		<wp:postmeta>
			<wp:meta_key>_menu_item_target</wp:meta_key>
			<wp:meta_value><![CDATA[]]></wp:meta_value>
		</wp:postmeta>
		<wp:postmeta>
			<wp:meta_key>_menu_item_classes</wp:meta_key>
			<wp:meta_value><![CDATA[a:1:{i:0;s:0:"";}]]></wp:meta_value>
		</wp:postmeta>
		<wp:postmeta>
			<wp:meta_key>_menu_item_xfn</wp:meta_key>
			<wp:meta_value><![CDATA[]]></wp:meta_value>
		</wp:postmeta>
		<wp:postmeta>
			<wp:meta_key>_menu_item_url</wp:meta_key>
			<wp:meta_value><![CDATA[#]]></wp:meta_value>
		</wp:postmeta>
	</item>
	<item>
		<title>background</title>
		<link>http://rt19-demo5.rtthemes.com/?attachment_id=2675</link>
		<pubDate>Thu, 26 Feb 2015 02:52:26 +0000</pubDate>
		<dc:creator><![CDATA[rtthemes]]></dc:creator>
		<guid isPermaLink="false">http://rt19-demo5.rtthemes.com/wp-content/uploads/sites/9/2015/02/background.png</guid>
		<description></description>
		<content:encoded><![CDATA[]]></content:encoded>
		<excerpt:encoded><![CDATA[]]></excerpt:encoded>
		<wp:post_id>2675</wp:post_id>
		<wp:post_date>2015-02-26 02:52:26</wp:post_date>
		<wp:post_date_gmt>2015-02-26 02:52:26</wp:post_date_gmt>
		<wp:comment_status>open</wp:comment_status>
		<wp:ping_status>open</wp:ping_status>
		<wp:post_name>background</wp:post_name>
		<wp:status>inherit</wp:status>
		<wp:post_parent>0</wp:post_parent>
		<wp:menu_order>0</wp:menu_order>
		<wp:post_type>attachment</wp:post_type>
		<wp:post_password></wp:post_password>
		<wp:is_sticky>0</wp:is_sticky>
		<wp:attachment_url>http://rt19-demo5.rtthemes.com/wp-content/uploads/sites/9/2015/02/background.png</wp:attachment_url>
		<wp:postmeta>
			<wp:meta_key>_wp_attached_file</wp:meta_key>
			<wp:meta_value><![CDATA[2015/02/background.png]]></wp:meta_value>
		</wp:postmeta>
		<wp:postmeta>
			<wp:meta_key>_wp_attachment_metadata</wp:meta_key>
			<wp:meta_value><![CDATA[a:5:{s:5:"width";i:227;s:6:"height";i:267;s:4:"file";s:22:"2015/02/background.png";s:5:"sizes";a:2:{s:9:"thumbnail";a:4:{s:4:"file";s:22:"background-150x150.png";s:5:"width";i:150;s:6:"height";i:150;s:9:"mime-type";s:9:"image/png";}s:14:"shop_thumbnail";a:4:{s:4:"file";s:22:"background-180x180.png";s:5:"width";i:180;s:6:"height";i:180;s:9:"mime-type";s:9:"image/png";}}s:10:"image_meta";a:11:{s:8:"aperture";i:0;s:6:"credit";s:0:"";s:6:"camera";s:0:"";s:7:"caption";s:0:"";s:17:"created_timestamp";i:0;s:9:"copyright";s:0:"";s:12:"focal_length";i:0;s:3:"iso";i:0;s:13:"shutter_speed";i:0;s:5:"title";s:0:"";s:11:"orientation";i:0;}}]]></wp:meta_value>
		</wp:postmeta>
	</item>
	<item>
		<title>logo</title>
		<link>http://rt19-demo5.rtthemes.com/?attachment_id=2676</link>
		<pubDate>Thu, 26 Feb 2015 02:52:26 +0000</pubDate>
		<dc:creator><![CDATA[rtthemes]]></dc:creator>
		<guid isPermaLink="false">http://rt19-demo5.rtthemes.com/wp-content/uploads/sites/9/2015/02/logo1.png</guid>
		<description></description>
		<content:encoded><![CDATA[]]></content:encoded>
		<excerpt:encoded><![CDATA[]]></excerpt:encoded>
		<wp:post_id>2676</wp:post_id>
		<wp:post_date>2015-02-26 02:52:26</wp:post_date>
		<wp:post_date_gmt>2015-02-26 02:52:26</wp:post_date_gmt>
		<wp:comment_status>open</wp:comment_status>
		<wp:ping_status>open</wp:ping_status>
		<wp:post_name>logo-2</wp:post_name>
		<wp:status>inherit</wp:status>
		<wp:post_parent>0</wp:post_parent>
		<wp:menu_order>0</wp:menu_order>
		<wp:post_type>attachment</wp:post_type>
		<wp:post_password></wp:post_password>
		<wp:is_sticky>0</wp:is_sticky>
		<wp:attachment_url>http://rt19-demo5.rtthemes.com/wp-content/uploads/sites/9/2015/02/logo1.png</wp:attachment_url>
		<wp:postmeta>
			<wp:meta_key>_wp_attached_file</wp:meta_key>
			<wp:meta_value><![CDATA[2015/02/logo1.png]]></wp:meta_value>
		</wp:postmeta>
		<wp:postmeta>
			<wp:meta_key>_wp_attachment_metadata</wp:meta_key>
			<wp:meta_value><![CDATA[a:5:{s:5:"width";i:600;s:6:"height";i:330;s:4:"file";s:17:"2015/02/logo1.png";s:5:"sizes";a:5:{s:9:"thumbnail";a:4:{s:4:"file";s:17:"logo1-150x150.png";s:5:"width";i:150;s:6:"height";i:150;s:9:"mime-type";s:9:"image/png";}s:6:"medium";a:4:{s:4:"file";s:17:"logo1-300x165.png";s:5:"width";i:300;s:6:"height";i:165;s:9:"mime-type";s:9:"image/png";}s:14:"shop_thumbnail";a:4:{s:4:"file";s:17:"logo1-180x180.png";s:5:"width";i:180;s:6:"height";i:180;s:9:"mime-type";s:9:"image/png";}s:12:"shop_catalog";a:4:{s:4:"file";s:17:"logo1-300x300.png";s:5:"width";i:300;s:6:"height";i:300;s:9:"mime-type";s:9:"image/png";}s:11:"shop_single";a:4:{s:4:"file";s:17:"logo1-600x330.png";s:5:"width";i:600;s:6:"height";i:330;s:9:"mime-type";s:9:"image/png";}}s:10:"image_meta";a:11:{s:8:"aperture";i:0;s:6:"credit";s:0:"";s:6:"camera";s:0:"";s:7:"caption";s:0:"";s:17:"created_timestamp";i:0;s:9:"copyright";s:0:"";s:12:"focal_length";i:0;s:3:"iso";i:0;s:13:"shutter_speed";i:0;s:5:"title";s:0:"";s:11:"orientation";i:0;}}]]></wp:meta_value>
		</wp:postmeta>
	</item>
	<item>
		<title>Decorative shelf</title>
		<link>http://rt19-demo5.rtthemes.com/home-page/decorative-shelf/</link>
		<pubDate>Thu, 26 Feb 2015 03:02:34 +0000</pubDate>
		<dc:creator><![CDATA[rtthemes]]></dc:creator>
		<guid isPermaLink="false">http://rt19-demo5.rtthemes.com/wp-content/uploads/sites/9/2015/02/slider-11.jpg</guid>
		<description></description>
		<content:encoded><![CDATA[Decorative shelf on white brick wall with vintage bottles and wicker jars on it]]></content:encoded>
		<excerpt:encoded><![CDATA[]]></excerpt:encoded>
		<wp:post_id>2678</wp:post_id>
		<wp:post_date>2015-02-26 03:02:34</wp:post_date>
		<wp:post_date_gmt>2015-02-26 03:02:34</wp:post_date_gmt>
		<wp:comment_status>open</wp:comment_status>
		<wp:ping_status>open</wp:ping_status>
		<wp:post_name>decorative-shelf</wp:post_name>
		<wp:status>inherit</wp:status>
		<wp:post_parent>2591</wp:post_parent>
		<wp:menu_order>0</wp:menu_order>
		<wp:post_type>attachment</wp:post_type>
		<wp:post_password></wp:post_password>
		<wp:is_sticky>0</wp:is_sticky>
		<wp:attachment_url>http://rt19-demo5.rtthemes.com/wp-content/uploads/sites/9/2015/02/slider-11.jpg</wp:attachment_url>
		<wp:postmeta>
			<wp:meta_key>_wp_attached_file</wp:meta_key>
			<wp:meta_value><![CDATA[2015/02/slider-11.jpg]]></wp:meta_value>
		</wp:postmeta>
		<wp:postmeta>
			<wp:meta_key>_wp_attachment_metadata</wp:meta_key>
			<wp:meta_value><![CDATA[a:5:{s:5:"width";i:1024;s:6:"height";i:1024;s:4:"file";s:21:"2015/02/slider-11.jpg";s:5:"sizes";a:6:{s:9:"thumbnail";a:4:{s:4:"file";s:21:"slider-11-150x150.jpg";s:5:"width";i:150;s:6:"height";i:150;s:9:"mime-type";s:10:"image/jpeg";}s:6:"medium";a:4:{s:4:"file";s:21:"slider-11-300x300.jpg";s:5:"width";i:300;s:6:"height";i:300;s:9:"mime-type";s:10:"image/jpeg";}s:5:"large";a:4:{s:4:"file";s:23:"slider-11-1024x1024.jpg";s:5:"width";i:1024;s:6:"height";i:1024;s:9:"mime-type";s:10:"image/jpeg";}s:14:"shop_thumbnail";a:4:{s:4:"file";s:21:"slider-11-180x180.jpg";s:5:"width";i:180;s:6:"height";i:180;s:9:"mime-type";s:10:"image/jpeg";}s:12:"shop_catalog";a:4:{s:4:"file";s:21:"slider-11-300x300.jpg";s:5:"width";i:300;s:6:"height";i:300;s:9:"mime-type";s:10:"image/jpeg";}s:11:"shop_single";a:4:{s:4:"file";s:21:"slider-11-600x600.jpg";s:5:"width";i:600;s:6:"height";i:600;s:9:"mime-type";s:10:"image/jpeg";}}s:10:"image_meta";a:11:{s:8:"aperture";d:11;s:6:"credit";s:23:"Alena Ozerova - Fotolia";s:6:"camera";s:20:"Canon EOS 5D Mark II";s:7:"caption";s:79:"Decorative shelf on white brick wall with vintage bottles and wicker jars on it";s:17:"created_timestamp";i:1380528664;s:9:"copyright";s:13:"Alena Ozerova";s:12:"focal_length";s:2:"85";s:3:"iso";s:2:"50";s:13:"shutter_speed";s:3:"0.6";s:5:"title";s:16:"Decorative shelf";s:11:"orientation";i:1;}}]]></wp:meta_value>
		</wp:postmeta>
	</item>
	<item>
		<title>Spa Woman. Beautiful Girl Touching Her Face. Perfect Skin. Skincare. Wellness advertising</title>
		<link>http://rt19-demo5.rtthemes.com/home-page/spa-woman-beautiful-girl-touching-her-face-perfect-skin-skincare-wellness-advertising/</link>
		<pubDate>Thu, 26 Feb 2015 03:13:28 +0000</pubDate>
		<dc:creator><![CDATA[rtthemes]]></dc:creator>
		<guid isPermaLink="false">http://rt19-demo5.rtthemes.com/wp-content/uploads/sites/9/2015/02/slider-31.jpg</guid>
		<description></description>
		<content:encoded><![CDATA[]]></content:encoded>
		<excerpt:encoded><![CDATA[]]></excerpt:encoded>
		<wp:post_id>2679</wp:post_id>
		<wp:post_date>2015-02-26 03:13:28</wp:post_date>
		<wp:post_date_gmt>2015-02-26 03:13:28</wp:post_date_gmt>
		<wp:comment_status>open</wp:comment_status>
		<wp:ping_status>open</wp:ping_status>
		<wp:post_name>spa-woman-beautiful-girl-touching-her-face-perfect-skin-skincare-wellness-advertising</wp:post_name>
		<wp:status>inherit</wp:status>
		<wp:post_parent>2591</wp:post_parent>
		<wp:menu_order>0</wp:menu_order>
		<wp:post_type>attachment</wp:post_type>
		<wp:post_password></wp:post_password>
		<wp:is_sticky>0</wp:is_sticky>
		<wp:attachment_url>http://rt19-demo5.rtthemes.com/wp-content/uploads/sites/9/2015/02/slider-31.jpg</wp:attachment_url>
		<wp:postmeta>
			<wp:meta_key>_wp_attached_file</wp:meta_key>
			<wp:meta_value><![CDATA[2015/02/slider-31.jpg]]></wp:meta_value>
		</wp:postmeta>
		<wp:postmeta>
			<wp:meta_key>_wp_attachment_metadata</wp:meta_key>
			<wp:meta_value><![CDATA[a:5:{s:5:"width";i:1024;s:6:"height";i:683;s:4:"file";s:21:"2015/02/slider-31.jpg";s:5:"sizes";a:6:{s:9:"thumbnail";a:4:{s:4:"file";s:21:"slider-31-150x150.jpg";s:5:"width";i:150;s:6:"height";i:150;s:9:"mime-type";s:10:"image/jpeg";}s:6:"medium";a:4:{s:4:"file";s:21:"slider-31-300x200.jpg";s:5:"width";i:300;s:6:"height";i:200;s:9:"mime-type";s:10:"image/jpeg";}s:5:"large";a:4:{s:4:"file";s:22:"slider-31-1024x683.jpg";s:5:"width";i:1024;s:6:"height";i:683;s:9:"mime-type";s:10:"image/jpeg";}s:14:"shop_thumbnail";a:4:{s:4:"file";s:21:"slider-31-180x180.jpg";s:5:"width";i:180;s:6:"height";i:180;s:9:"mime-type";s:10:"image/jpeg";}s:12:"shop_catalog";a:4:{s:4:"file";s:21:"slider-31-300x300.jpg";s:5:"width";i:300;s:6:"height";i:300;s:9:"mime-type";s:10:"image/jpeg";}s:11:"shop_single";a:4:{s:4:"file";s:21:"slider-31-600x600.jpg";s:5:"width";i:600;s:6:"height";i:600;s:9:"mime-type";s:10:"image/jpeg";}}s:10:"image_meta";a:11:{s:8:"aperture";d:5;s:6:"credit";s:16:"puhhha - Fotolia";s:6:"camera";s:21:"Canon EOS 5D Mark III";s:7:"caption";s:0:"";s:17:"created_timestamp";i:1422036418;s:9:"copyright";s:16:"puhhha - Fotolia";s:12:"focal_length";s:2:"85";s:3:"iso";s:3:"100";s:13:"shutter_speed";s:5:"0.008";s:5:"title";s:89:"Spa Woman. Beautiful Girl Touching Her Face. Perfect Skin. Skincare. Wellness advertising";s:11:"orientation";i:1;}}]]></wp:meta_value>
		</wp:postmeta>
	</item>
	<item>
		<title>mt-sample-background</title>
		<link>http://rt19-demo5.rtthemes.com/?attachment_id=2685</link>
		<pubDate>Sat, 07 Mar 2015 04:47:20 +0000</pubDate>
		<dc:creator><![CDATA[]]></dc:creator>
		<guid isPermaLink="false">http://rt19-demo5.rtthemes.com/wp-content/uploads/sites/9/2015/03/mt-sample-background.jpg</guid>
		<description></description>
		<content:encoded><![CDATA[]]></content:encoded>
		<excerpt:encoded><![CDATA[]]></excerpt:encoded>
		<wp:post_id>2685</wp:post_id>
		<wp:post_date>2015-03-07 04:47:20</wp:post_date>
		<wp:post_date_gmt>2015-03-07 04:47:20</wp:post_date_gmt>
		<wp:comment_status>open</wp:comment_status>
		<wp:ping_status>open</wp:ping_status>
		<wp:post_name>mt-sample-background</wp:post_name>
		<wp:status>inherit</wp:status>
		<wp:post_parent>0</wp:post_parent>
		<wp:menu_order>0</wp:menu_order>
		<wp:post_type>attachment</wp:post_type>
		<wp:post_password></wp:post_password>
		<wp:is_sticky>0</wp:is_sticky>
		<wp:attachment_url>http://rt19-demo5.rtthemes.com/wp-content/uploads/sites/9/2015/03/mt-sample-background.jpg</wp:attachment_url>
		<wp:postmeta>
			<wp:meta_key>_wp_attached_file</wp:meta_key>
			<wp:meta_value><![CDATA[2015/03/mt-sample-background.jpg]]></wp:meta_value>
		</wp:postmeta>
		<wp:postmeta>
			<wp:meta_key>_wp_attachment_metadata</wp:meta_key>
			<wp:meta_value><![CDATA[a:5:{s:5:"width";i:1920;s:6:"height";i:1280;s:4:"file";s:32:"2015/03/mt-sample-background.jpg";s:5:"sizes";a:6:{s:9:"thumbnail";a:4:{s:4:"file";s:32:"mt-sample-background-150x150.jpg";s:5:"width";i:150;s:6:"height";i:150;s:9:"mime-type";s:10:"image/jpeg";}s:6:"medium";a:4:{s:4:"file";s:32:"mt-sample-background-300x200.jpg";s:5:"width";i:300;s:6:"height";i:200;s:9:"mime-type";s:10:"image/jpeg";}s:5:"large";a:4:{s:4:"file";s:33:"mt-sample-background-1024x683.jpg";s:5:"width";i:1024;s:6:"height";i:683;s:9:"mime-type";s:10:"image/jpeg";}s:14:"shop_thumbnail";a:4:{s:4:"file";s:32:"mt-sample-background-180x180.jpg";s:5:"width";i:180;s:6:"height";i:180;s:9:"mime-type";s:10:"image/jpeg";}s:12:"shop_catalog";a:4:{s:4:"file";s:32:"mt-sample-background-300x300.jpg";s:5:"width";i:300;s:6:"height";i:300;s:9:"mime-type";s:10:"image/jpeg";}s:11:"shop_single";a:4:{s:4:"file";s:32:"mt-sample-background-600x600.jpg";s:5:"width";i:600;s:6:"height";i:600;s:9:"mime-type";s:10:"image/jpeg";}}s:10:"image_meta";a:11:{s:8:"aperture";i:0;s:6:"credit";s:0:"";s:6:"camera";s:0:"";s:7:"caption";s:0:"";s:17:"created_timestamp";i:0;s:9:"copyright";s:0:"";s:12:"focal_length";i:0;s:3:"iso";i:0;s:13:"shutter_speed";i:0;s:5:"title";s:0:"";s:11:"orientation";i:0;}}]]></wp:meta_value>
		</wp:postmeta>
	</item>
	
</channel>
</rss>