<?xml version="1.0" encoding="UTF-8" ?>
<!-- This is a WordPress eXtended RSS file generated by WordPress as an export of your site. -->
<!-- It contains information about your site's posts, pages, comments, categories, and other content. -->
<!-- You may use this file to transfer that content from one site to another. -->
<!-- This file is not intended to serve as a complete backup of your site. -->

<!-- To import this information into a WordPress site follow these steps: -->
<!-- 1. Log in to that site as an administrator. -->
<!-- 2. Go to Tools: Import in the WordPress admin panel. -->
<!-- 3. Install the "WordPress" importer from the list. -->
<!-- 4. Activate & Run Importer. -->
<!-- 5. Upload this file using the form provided on that page. -->
<!-- 6. You will first be asked to map the authors in this export file to users -->
<!--    on the site. For each author, you may choose to map to an -->
<!--    existing user on the site or to create a new user. -->
<!-- 7. WordPress will then import each of the posts, pages, comments, categories, etc. -->
<!--    contained in this file into your site. -->

<!-- generator="WordPress/4.2.3" created="2015-08-04 01:34" -->
<rss version="2.0"
	xmlns:excerpt="http://wordpress.org/export/1.2/excerpt/"
	xmlns:content="http://purl.org/rss/1.0/modules/content/"
	xmlns:wfw="http://wellformedweb.org/CommentAPI/"
	xmlns:dc="http://purl.org/dc/elements/1.1/"
	xmlns:wp="http://wordpress.org/export/1.2/"
>

<channel>
	<title>RT-Theme 19 - Demo 11</title>
	<link>http://rt19-demo11.rtthemes.com</link>
	<description></description>
	<pubDate>Tue, 04 Aug 2015 01:34:10 +0000</pubDate>
	<language>en-US</language>
	<wp:wxr_version>1.2</wp:wxr_version>
	<wp:base_site_url>http://rtthemes.com/</wp:base_site_url>
	<wp:base_blog_url>http://rt19-demo11.rtthemes.com</wp:base_blog_url>

	<generator>http://wordpress.org/?v=4.2.3</generator>
 	<item>
		<title>white chair and lamp on grey</title>
		<link>http://rt19-demo11.rtthemes.com/product-details/product-with-all-elements/white-chair-and-lamp-on-grey/</link>
		<pubDate>Fri, 06 Feb 2015 08:54:35 +0000</pubDate>
		<dc:creator><![CDATA[rtthemes]]></dc:creator>
		<guid isPermaLink="false">http://rt19-demo11.rtthemes.com/wp-content/uploads/sites/18/2015/02/product-1.jpg</guid>
		<description></description>
		<content:encoded><![CDATA[interior design scene with white modern chair and hanging lamp on a grey wall]]></content:encoded>
		<excerpt:encoded><![CDATA[]]></excerpt:encoded>
		<wp:post_id>22</wp:post_id>
		<wp:post_date>2015-02-06 08:54:35</wp:post_date>
		<wp:post_date_gmt>2015-02-06 08:54:35</wp:post_date_gmt>
		<wp:comment_status>open</wp:comment_status>
		<wp:ping_status>open</wp:ping_status>
		<wp:post_name>white-chair-and-lamp-on-grey</wp:post_name>
		<wp:status>inherit</wp:status>
		<wp:post_parent>21</wp:post_parent>
		<wp:menu_order>0</wp:menu_order>
		<wp:post_type>attachment</wp:post_type>
		<wp:post_password></wp:post_password>
		<wp:is_sticky>0</wp:is_sticky>
		<wp:attachment_url>http://rt19-demo11.rtthemes.com/wp-content/uploads/sites/18/2015/02/product-1.jpg</wp:attachment_url>
		<wp:postmeta>
			<wp:meta_key>_wp_attached_file</wp:meta_key>
			<wp:meta_value><![CDATA[2015/02/product-1.jpg]]></wp:meta_value>
		</wp:postmeta>
		<wp:postmeta>
			<wp:meta_key>_wp_attachment_metadata</wp:meta_key>
			<wp:meta_value><![CDATA[a:5:{s:5:"width";i:1000;s:6:"height";i:1000;s:4:"file";s:21:"2015/02/product-1.jpg";s:5:"sizes";a:5:{s:9:"thumbnail";a:4:{s:4:"file";s:21:"product-1-150x150.jpg";s:5:"width";i:150;s:6:"height";i:150;s:9:"mime-type";s:10:"image/jpeg";}s:6:"medium";a:4:{s:4:"file";s:21:"product-1-300x300.jpg";s:5:"width";i:300;s:6:"height";i:300;s:9:"mime-type";s:10:"image/jpeg";}s:14:"shop_thumbnail";a:4:{s:4:"file";s:21:"product-1-180x180.jpg";s:5:"width";i:180;s:6:"height";i:180;s:9:"mime-type";s:10:"image/jpeg";}s:12:"shop_catalog";a:4:{s:4:"file";s:21:"product-1-300x300.jpg";s:5:"width";i:300;s:6:"height";i:300;s:9:"mime-type";s:10:"image/jpeg";}s:11:"shop_single";a:4:{s:4:"file";s:21:"product-1-600x600.jpg";s:5:"width";i:600;s:6:"height";i:600;s:9:"mime-type";s:10:"image/jpeg";}}s:10:"image_meta";a:11:{s:8:"aperture";i:0;s:6:"credit";s:32:"Pablo Scapinachis Armstrong_www.";s:6:"camera";s:0:"";s:7:"caption";s:77:"interior design scene with white modern chair and hanging lamp on a grey wall";s:17:"created_timestamp";i:0;s:9:"copyright";s:0:"";s:12:"focal_length";i:0;s:3:"iso";i:0;s:13:"shutter_speed";i:0;s:5:"title";s:28:"white chair and lamp on grey";s:11:"orientation";i:1;}}]]></wp:meta_value>
		</wp:postmeta>
	</item>
	<item>
		<title>white commode with stack of books and flower pot</title>
		<link>http://rt19-demo11.rtthemes.com/product-details/product-with-all-elements/white-commode-with-stack-of-books-and-flower-pot/</link>
		<pubDate>Fri, 06 Feb 2015 08:54:36 +0000</pubDate>
		<dc:creator><![CDATA[rtthemes]]></dc:creator>
		<guid isPermaLink="false">http://rt19-demo11.rtthemes.com/wp-content/uploads/sites/18/2015/02/product-2.jpg</guid>
		<description></description>
		<content:encoded><![CDATA[white commode with stack of books and flower pot in bright minimalism interior]]></content:encoded>
		<excerpt:encoded><![CDATA[]]></excerpt:encoded>
		<wp:post_id>23</wp:post_id>
		<wp:post_date>2015-02-06 08:54:36</wp:post_date>
		<wp:post_date_gmt>2015-02-06 08:54:36</wp:post_date_gmt>
		<wp:comment_status>open</wp:comment_status>
		<wp:ping_status>open</wp:ping_status>
		<wp:post_name>white-commode-with-stack-of-books-and-flower-pot</wp:post_name>
		<wp:status>inherit</wp:status>
		<wp:post_parent>21</wp:post_parent>
		<wp:menu_order>0</wp:menu_order>
		<wp:post_type>attachment</wp:post_type>
		<wp:post_password></wp:post_password>
		<wp:is_sticky>0</wp:is_sticky>
		<wp:attachment_url>http://rt19-demo11.rtthemes.com/wp-content/uploads/sites/18/2015/02/product-2.jpg</wp:attachment_url>
		<wp:postmeta>
			<wp:meta_key>_wp_attached_file</wp:meta_key>
			<wp:meta_value><![CDATA[2015/02/product-2.jpg]]></wp:meta_value>
		</wp:postmeta>
		<wp:postmeta>
			<wp:meta_key>_wp_attachment_metadata</wp:meta_key>
			<wp:meta_value><![CDATA[a:5:{s:5:"width";i:1000;s:6:"height";i:667;s:4:"file";s:21:"2015/02/product-2.jpg";s:5:"sizes";a:5:{s:9:"thumbnail";a:4:{s:4:"file";s:21:"product-2-150x150.jpg";s:5:"width";i:150;s:6:"height";i:150;s:9:"mime-type";s:10:"image/jpeg";}s:6:"medium";a:4:{s:4:"file";s:21:"product-2-300x200.jpg";s:5:"width";i:300;s:6:"height";i:200;s:9:"mime-type";s:10:"image/jpeg";}s:14:"shop_thumbnail";a:4:{s:4:"file";s:21:"product-2-180x180.jpg";s:5:"width";i:180;s:6:"height";i:180;s:9:"mime-type";s:10:"image/jpeg";}s:12:"shop_catalog";a:4:{s:4:"file";s:21:"product-2-300x300.jpg";s:5:"width";i:300;s:6:"height";i:300;s:9:"mime-type";s:10:"image/jpeg";}s:11:"shop_single";a:4:{s:4:"file";s:21:"product-2-600x600.jpg";s:5:"width";i:600;s:6:"height";i:600;s:9:"mime-type";s:10:"image/jpeg";}}s:10:"image_meta";a:11:{s:8:"aperture";d:9;s:6:"credit";s:17:"ronstik - Fotolia";s:6:"camera";s:12:"Canon EOS 7D";s:7:"caption";s:78:"white commode with stack of books and flower pot in bright minimalism interior";s:17:"created_timestamp";i:1415550918;s:9:"copyright";s:17:"ronstik - Fotolia";s:12:"focal_length";s:2:"40";s:3:"iso";s:3:"100";s:13:"shutter_speed";s:5:"0.004";s:5:"title";s:48:"white commode with stack of books and flower pot";s:11:"orientation";i:1;}}]]></wp:meta_value>
		</wp:postmeta>
	</item>
	<item>
		<title>Chair with cushion in a room with staircase</title>
		<link>http://rt19-demo11.rtthemes.com/product-details/product-with-all-elements/chair-with-cushion-in-a-room-with-staircase/</link>
		<pubDate>Fri, 06 Feb 2015 08:54:37 +0000</pubDate>
		<dc:creator><![CDATA[rtthemes]]></dc:creator>
		<guid isPermaLink="false">http://rt19-demo11.rtthemes.com/wp-content/uploads/sites/18/2015/02/product-3.jpg</guid>
		<description></description>
		<content:encoded><![CDATA[Chair decorated with gray striped cushion in a room with staircase.]]></content:encoded>
		<excerpt:encoded><![CDATA[]]></excerpt:encoded>
		<wp:post_id>24</wp:post_id>
		<wp:post_date>2015-02-06 08:54:37</wp:post_date>
		<wp:post_date_gmt>2015-02-06 08:54:37</wp:post_date_gmt>
		<wp:comment_status>open</wp:comment_status>
		<wp:ping_status>open</wp:ping_status>
		<wp:post_name>chair-with-cushion-in-a-room-with-staircase</wp:post_name>
		<wp:status>inherit</wp:status>
		<wp:post_parent>21</wp:post_parent>
		<wp:menu_order>0</wp:menu_order>
		<wp:post_type>attachment</wp:post_type>
		<wp:post_password></wp:post_password>
		<wp:is_sticky>0</wp:is_sticky>
		<wp:attachment_url>http://rt19-demo11.rtthemes.com/wp-content/uploads/sites/18/2015/02/product-3.jpg</wp:attachment_url>
		<wp:postmeta>
			<wp:meta_key>_wp_attached_file</wp:meta_key>
			<wp:meta_value><![CDATA[2015/02/product-3.jpg]]></wp:meta_value>
		</wp:postmeta>
		<wp:postmeta>
			<wp:meta_key>_wp_attachment_metadata</wp:meta_key>
			<wp:meta_value><![CDATA[a:5:{s:5:"width";i:1000;s:6:"height";i:1500;s:4:"file";s:21:"2015/02/product-3.jpg";s:5:"sizes";a:6:{s:9:"thumbnail";a:4:{s:4:"file";s:21:"product-3-150x150.jpg";s:5:"width";i:150;s:6:"height";i:150;s:9:"mime-type";s:10:"image/jpeg";}s:6:"medium";a:4:{s:4:"file";s:21:"product-3-200x300.jpg";s:5:"width";i:200;s:6:"height";i:300;s:9:"mime-type";s:10:"image/jpeg";}s:5:"large";a:4:{s:4:"file";s:22:"product-3-683x1024.jpg";s:5:"width";i:683;s:6:"height";i:1024;s:9:"mime-type";s:10:"image/jpeg";}s:14:"shop_thumbnail";a:4:{s:4:"file";s:21:"product-3-180x180.jpg";s:5:"width";i:180;s:6:"height";i:180;s:9:"mime-type";s:10:"image/jpeg";}s:12:"shop_catalog";a:4:{s:4:"file";s:21:"product-3-300x300.jpg";s:5:"width";i:300;s:6:"height";i:300;s:9:"mime-type";s:10:"image/jpeg";}s:11:"shop_single";a:4:{s:4:"file";s:21:"product-3-600x600.jpg";s:5:"width";i:600;s:6:"height";i:600;s:9:"mime-type";s:10:"image/jpeg";}}s:10:"image_meta";a:11:{s:8:"aperture";d:11;s:6:"credit";s:24:"GoodMood Photo - Fotolia";s:6:"camera";s:19:"Canon EOS REBEL T4i";s:7:"caption";s:67:"Chair decorated with gray striped cushion in a room with staircase.";s:17:"created_timestamp";i:1349358787;s:9:"copyright";s:24:"GoodMood Photo - Fotolia";s:12:"focal_length";s:2:"19";s:3:"iso";s:3:"100";s:13:"shutter_speed";s:3:"1.3";s:5:"title";s:43:"Chair with cushion in a room with staircase";s:11:"orientation";i:1;}}]]></wp:meta_value>
		</wp:postmeta>
	</item>
	<item>
		<title>Contemporary tv wall furniture, minimal white living room</title>
		<link>http://rt19-demo11.rtthemes.com/product-details/product-with-all-elements/contemporary-tv-wall-furniture-minimal-white-living-room/</link>
		<pubDate>Fri, 06 Feb 2015 08:54:38 +0000</pubDate>
		<dc:creator><![CDATA[rtthemes]]></dc:creator>
		<guid isPermaLink="false">http://rt19-demo11.rtthemes.com/wp-content/uploads/sites/18/2015/02/product-4.jpg</guid>
		<description></description>
		<content:encoded><![CDATA[]]></content:encoded>
		<excerpt:encoded><![CDATA[]]></excerpt:encoded>
		<wp:post_id>25</wp:post_id>
		<wp:post_date>2015-02-06 08:54:38</wp:post_date>
		<wp:post_date_gmt>2015-02-06 08:54:38</wp:post_date_gmt>
		<wp:comment_status>open</wp:comment_status>
		<wp:ping_status>open</wp:ping_status>
		<wp:post_name>contemporary-tv-wall-furniture-minimal-white-living-room</wp:post_name>
		<wp:status>inherit</wp:status>
		<wp:post_parent>21</wp:post_parent>
		<wp:menu_order>0</wp:menu_order>
		<wp:post_type>attachment</wp:post_type>
		<wp:post_password></wp:post_password>
		<wp:is_sticky>0</wp:is_sticky>
		<wp:attachment_url>http://rt19-demo11.rtthemes.com/wp-content/uploads/sites/18/2015/02/product-4.jpg</wp:attachment_url>
		<wp:postmeta>
			<wp:meta_key>_wp_attached_file</wp:meta_key>
			<wp:meta_value><![CDATA[2015/02/product-4.jpg]]></wp:meta_value>
		</wp:postmeta>
		<wp:postmeta>
			<wp:meta_key>_wp_attachment_metadata</wp:meta_key>
			<wp:meta_value><![CDATA[a:5:{s:5:"width";i:1000;s:6:"height";i:695;s:4:"file";s:21:"2015/02/product-4.jpg";s:5:"sizes";a:5:{s:9:"thumbnail";a:4:{s:4:"file";s:21:"product-4-150x150.jpg";s:5:"width";i:150;s:6:"height";i:150;s:9:"mime-type";s:10:"image/jpeg";}s:6:"medium";a:4:{s:4:"file";s:21:"product-4-300x209.jpg";s:5:"width";i:300;s:6:"height";i:209;s:9:"mime-type";s:10:"image/jpeg";}s:14:"shop_thumbnail";a:4:{s:4:"file";s:21:"product-4-180x180.jpg";s:5:"width";i:180;s:6:"height";i:180;s:9:"mime-type";s:10:"image/jpeg";}s:12:"shop_catalog";a:4:{s:4:"file";s:21:"product-4-300x300.jpg";s:5:"width";i:300;s:6:"height";i:300;s:9:"mime-type";s:10:"image/jpeg";}s:11:"shop_single";a:4:{s:4:"file";s:21:"product-4-600x600.jpg";s:5:"width";i:600;s:6:"height";i:600;s:9:"mime-type";s:10:"image/jpeg";}}s:10:"image_meta";a:11:{s:8:"aperture";i:0;s:6:"credit";s:20:"Mihalis A. - Fotolia";s:6:"camera";s:0:"";s:7:"caption";s:0:"";s:17:"created_timestamp";i:1376959935;s:9:"copyright";s:20:"Mihalis A. - Fotolia";s:12:"focal_length";i:0;s:3:"iso";i:0;s:13:"shutter_speed";i:0;s:5:"title";s:57:"Contemporary tv wall furniture, minimal white living room";s:11:"orientation";i:1;}}]]></wp:meta_value>
		</wp:postmeta>
	</item>
	<item>
		<title>Lamp shade</title>
		<link>http://rt19-demo11.rtthemes.com/product-details/product-with-all-elements/lamp-shade/</link>
		<pubDate>Fri, 06 Feb 2015 08:54:38 +0000</pubDate>
		<dc:creator><![CDATA[rtthemes]]></dc:creator>
		<guid isPermaLink="false">http://rt19-demo11.rtthemes.com/wp-content/uploads/sites/18/2015/02/product-5.jpg</guid>
		<description></description>
		<content:encoded><![CDATA[]]></content:encoded>
		<excerpt:encoded><![CDATA[]]></excerpt:encoded>
		<wp:post_id>26</wp:post_id>
		<wp:post_date>2015-02-06 08:54:38</wp:post_date>
		<wp:post_date_gmt>2015-02-06 08:54:38</wp:post_date_gmt>
		<wp:comment_status>open</wp:comment_status>
		<wp:ping_status>open</wp:ping_status>
		<wp:post_name>lamp-shade</wp:post_name>
		<wp:status>inherit</wp:status>
		<wp:post_parent>21</wp:post_parent>
		<wp:menu_order>0</wp:menu_order>
		<wp:post_type>attachment</wp:post_type>
		<wp:post_password></wp:post_password>
		<wp:is_sticky>0</wp:is_sticky>
		<wp:attachment_url>http://rt19-demo11.rtthemes.com/wp-content/uploads/sites/18/2015/02/product-5.jpg</wp:attachment_url>
		<wp:postmeta>
			<wp:meta_key>_wp_attached_file</wp:meta_key>
			<wp:meta_value><![CDATA[2015/02/product-5.jpg]]></wp:meta_value>
		</wp:postmeta>
		<wp:postmeta>
			<wp:meta_key>_wp_attachment_metadata</wp:meta_key>
			<wp:meta_value><![CDATA[a:5:{s:5:"width";i:1000;s:6:"height";i:1510;s:4:"file";s:21:"2015/02/product-5.jpg";s:5:"sizes";a:6:{s:9:"thumbnail";a:4:{s:4:"file";s:21:"product-5-150x150.jpg";s:5:"width";i:150;s:6:"height";i:150;s:9:"mime-type";s:10:"image/jpeg";}s:6:"medium";a:4:{s:4:"file";s:21:"product-5-199x300.jpg";s:5:"width";i:199;s:6:"height";i:300;s:9:"mime-type";s:10:"image/jpeg";}s:5:"large";a:4:{s:4:"file";s:22:"product-5-678x1024.jpg";s:5:"width";i:678;s:6:"height";i:1024;s:9:"mime-type";s:10:"image/jpeg";}s:14:"shop_thumbnail";a:4:{s:4:"file";s:21:"product-5-180x180.jpg";s:5:"width";i:180;s:6:"height";i:180;s:9:"mime-type";s:10:"image/jpeg";}s:12:"shop_catalog";a:4:{s:4:"file";s:21:"product-5-300x300.jpg";s:5:"width";i:300;s:6:"height";i:300;s:9:"mime-type";s:10:"image/jpeg";}s:11:"shop_single";a:4:{s:4:"file";s:21:"product-5-600x600.jpg";s:5:"width";i:600;s:6:"height";i:600;s:9:"mime-type";s:10:"image/jpeg";}}s:10:"image_meta";a:11:{s:8:"aperture";d:8;s:6:"credit";s:22:"planbbeograd - Fotolia";s:6:"camera";s:11:"NIKON D7000";s:7:"caption";s:0:"";s:17:"created_timestamp";i:1332003576;s:9:"copyright";s:22:"planbbeograd - Fotolia";s:12:"focal_length";s:2:"32";s:3:"iso";s:3:"100";s:13:"shutter_speed";s:5:"0.005";s:5:"title";s:10:"Lamp shade";s:11:"orientation";i:1;}}]]></wp:meta_value>
		</wp:postmeta>
	</item>
	<item>
		<title>Three modern vases</title>
		<link>http://rt19-demo11.rtthemes.com/product-details/product-with-all-elements/three-modern-vases/</link>
		<pubDate>Fri, 06 Feb 2015 08:54:39 +0000</pubDate>
		<dc:creator><![CDATA[rtthemes]]></dc:creator>
		<guid isPermaLink="false">http://rt19-demo11.rtthemes.com/wp-content/uploads/sites/18/2015/02/product-6.jpg</guid>
		<description></description>
		<content:encoded><![CDATA[Three modern vases on white background, rendering]]></content:encoded>
		<excerpt:encoded><![CDATA[]]></excerpt:encoded>
		<wp:post_id>27</wp:post_id>
		<wp:post_date>2015-02-06 08:54:39</wp:post_date>
		<wp:post_date_gmt>2015-02-06 08:54:39</wp:post_date_gmt>
		<wp:comment_status>open</wp:comment_status>
		<wp:ping_status>open</wp:ping_status>
		<wp:post_name>three-modern-vases</wp:post_name>
		<wp:status>inherit</wp:status>
		<wp:post_parent>21</wp:post_parent>
		<wp:menu_order>0</wp:menu_order>
		<wp:post_type>attachment</wp:post_type>
		<wp:post_password></wp:post_password>
		<wp:is_sticky>0</wp:is_sticky>
		<wp:attachment_url>http://rt19-demo11.rtthemes.com/wp-content/uploads/sites/18/2015/02/product-6.jpg</wp:attachment_url>
		<wp:postmeta>
			<wp:meta_key>_wp_attached_file</wp:meta_key>
			<wp:meta_value><![CDATA[2015/02/product-6.jpg]]></wp:meta_value>
		</wp:postmeta>
		<wp:postmeta>
			<wp:meta_key>_wp_attachment_metadata</wp:meta_key>
			<wp:meta_value><![CDATA[a:5:{s:5:"width";i:750;s:6:"height";i:1000;s:4:"file";s:21:"2015/02/product-6.jpg";s:5:"sizes";a:5:{s:9:"thumbnail";a:4:{s:4:"file";s:21:"product-6-150x150.jpg";s:5:"width";i:150;s:6:"height";i:150;s:9:"mime-type";s:10:"image/jpeg";}s:6:"medium";a:4:{s:4:"file";s:21:"product-6-225x300.jpg";s:5:"width";i:225;s:6:"height";i:300;s:9:"mime-type";s:10:"image/jpeg";}s:14:"shop_thumbnail";a:4:{s:4:"file";s:21:"product-6-180x180.jpg";s:5:"width";i:180;s:6:"height";i:180;s:9:"mime-type";s:10:"image/jpeg";}s:12:"shop_catalog";a:4:{s:4:"file";s:21:"product-6-300x300.jpg";s:5:"width";i:300;s:6:"height";i:300;s:9:"mime-type";s:10:"image/jpeg";}s:11:"shop_single";a:4:{s:4:"file";s:21:"product-6-600x600.jpg";s:5:"width";i:600;s:6:"height";i:600;s:9:"mime-type";s:10:"image/jpeg";}}s:10:"image_meta";a:11:{s:8:"aperture";i:0;s:6:"credit";s:22:"oliavlasenko - Fotolia";s:6:"camera";s:0:"";s:7:"caption";s:49:"Three modern vases on white background, rendering";s:17:"created_timestamp";i:1310914132;s:9:"copyright";s:22:"oliavlasenko - Fotolia";s:12:"focal_length";i:0;s:3:"iso";i:0;s:13:"shutter_speed";i:0;s:5:"title";s:18:"Three modern vases";s:11:"orientation";i:1;}}]]></wp:meta_value>
		</wp:postmeta>
	</item>
</channel>
</rss>